"12an -- Life expectancy at birth by sex and region, 1990-1992 -- 2022-2024"

"Year"	"Region"	"Total Life expectancy at birth, years"	"Males Life expectancy at birth, years"	"Females Life expectancy at birth, years"
"1990-1992"	"WHOLE COUNTRY"	75.34	71.31	79.20
"1990-1992"	"MA1 MAINLAND FINLAND"	75.32	71.29	79.19
"1990-1992"	"MK01 Uusimaa"	75.36	71.34	78.91
"1990-1992"	"MK02 Southwest Finland"	76.04	72.28	79.52
"1990-1992"	"MK04 Satakunta"	75.91	71.98	79.67
"1990-1992"	"MK05 Kanta-Häme"	75.92	71.60	80.06
"1990-1992"	"MK06 Pirkanmaa"	75.70	71.60	79.51
"1990-1992"	"MK07 Päijät-Häme"	74.82	70.61	78.81
"1990-1992"	"MK08 Kymenlaakso"	74.59	70.54	78.63
"1990-1992"	"MK09 South Karelia"	74.72	70.48	79.00
"1990-1992"	"MK10 South Savo"	74.31	70.21	78.44
"1990-1992"	"MK11 North Savo"	74.96	70.59	79.35
"1990-1992"	"MK12 North Karelia"	74.40	70.31	78.68
"1990-1992"	"MK13 Central Finland"	75.07	71.23	78.92
"1990-1992"	"MK14 South Ostrobothnia"	75.60	71.81	79.32
"1990-1992"	"MK15 Ostrobothnia"	77.73	74.43	80.74
"1990-1992"	"MK16 Central Ostrobothnia"	76.71	72.73	80.60
"1990-1992"	"MK17 North Ostrobothnia"	75.07	71.10	79.15
"1990-1992"	"MK18 Kainuu"	74.09	69.88	78.69
"1990-1992"	"MK19 Lapland"	74.08	69.83	78.74
"1990-1992"	"MA2 ÅLAND"	77.92	73.93	82.06
"1990-1992"	"MK21 Åland"	77.92	73.93	82.06
"1991-1993"	"WHOLE COUNTRY"	75.63	71.70	79.40
"1991-1993"	"MA1 MAINLAND FINLAND"	75.62	71.69	79.39
"1991-1993"	"MK01 Uusimaa"	75.78	71.87	79.21
"1991-1993"	"MK02 Southwest Finland"	76.35	72.63	79.78
"1991-1993"	"MK04 Satakunta"	76.09	72.26	79.71
"1991-1993"	"MK05 Kanta-Häme"	76.29	72.20	80.14
"1991-1993"	"MK06 Pirkanmaa"	75.92	72.02	79.55
"1991-1993"	"MK07 Päijät-Häme"	75.23	71.03	79.17
"1991-1993"	"MK08 Kymenlaakso"	74.83	70.78	78.87
"1991-1993"	"MK09 South Karelia"	74.92	70.69	79.24
"1991-1993"	"MK10 South Savo"	74.52	70.63	78.38
"1991-1993"	"MK11 North Savo"	75.17	70.93	79.46
"1991-1993"	"MK12 North Karelia"	74.72	70.54	79.11
"1991-1993"	"MK13 Central Finland"	75.39	71.42	79.39
"1991-1993"	"MK14 South Ostrobothnia"	75.55	71.84	79.21
"1991-1993"	"MK15 Ostrobothnia"	77.98	74.77	80.92
"1991-1993"	"MK16 Central Ostrobothnia"	77.24	73.32	81.03
"1991-1993"	"MK17 North Ostrobothnia"	75.36	71.58	79.20
"1991-1993"	"MK18 Kainuu"	74.35	70.26	78.80
"1991-1993"	"MK19 Lapland"	74.42	70.38	78.78
"1991-1993"	"MA2 ÅLAND"	77.97	74.14	81.97
"1991-1993"	"MK21 Åland"	77.97	74.14	81.97
"1992-1994"	"WHOLE COUNTRY"	76.02	72.18	79.68
"1992-1994"	"MA1 MAINLAND FINLAND"	76.01	72.17	79.67
"1992-1994"	"MK01 Uusimaa"	76.31	72.52	79.61
"1992-1994"	"MK02 Southwest Finland"	76.71	72.98	80.13
"1992-1994"	"MK04 Satakunta"	76.55	72.62	80.32
"1992-1994"	"MK05 Kanta-Häme"	76.57	72.54	80.35
"1992-1994"	"MK06 Pirkanmaa"	76.12	72.27	79.68
"1992-1994"	"MK07 Päijät-Häme"	75.42	71.43	79.10
"1992-1994"	"MK08 Kymenlaakso"	75.34	71.39	79.24
"1992-1994"	"MK09 South Karelia"	75.57	71.48	79.69
"1992-1994"	"MK10 South Savo"	75.27	71.64	78.80
"1992-1994"	"MK11 North Savo"	75.29	71.19	79.43
"1992-1994"	"MK12 North Karelia"	74.68	70.60	78.98
"1992-1994"	"MK13 Central Finland"	75.66	71.80	79.53
"1992-1994"	"MK14 South Ostrobothnia"	76.26	72.61	79.84
"1992-1994"	"MK15 Ostrobothnia"	78.22	75.00	81.17
"1992-1994"	"MK16 Central Ostrobothnia"	77.58	73.58	81.44
"1992-1994"	"MK17 North Ostrobothnia"	75.82	72.09	79.57
"1992-1994"	"MK18 Kainuu"	74.72	70.77	79.03
"1992-1994"	"MK19 Lapland"	74.68	70.91	78.69
"1992-1994"	"MA2 ÅLAND"	78.20	74.69	81.85
"1992-1994"	"MK21 Åland"	78.20	74.69	81.85
"1993-1995"	"WHOLE COUNTRY"	76.34	72.56	79.93
"1993-1995"	"MA1 MAINLAND FINLAND"	76.33	72.55	79.93
"1993-1995"	"MK01 Uusimaa"	76.69	72.92	79.99
"1993-1995"	"MK02 Southwest Finland"	76.83	72.96	80.45
"1993-1995"	"MK04 Satakunta"	76.84	72.89	80.65
"1993-1995"	"MK05 Kanta-Häme"	76.54	72.27	80.66
"1993-1995"	"MK06 Pirkanmaa"	76.48	72.70	79.97
"1993-1995"	"MK07 Päijät-Häme"	75.76	71.57	79.71
"1993-1995"	"MK08 Kymenlaakso"	75.75	71.82	79.65
"1993-1995"	"MK09 South Karelia"	75.84	71.92	79.82
"1993-1995"	"MK10 South Savo"	75.81	72.23	79.29
"1993-1995"	"MK11 North Savo"	75.42	71.59	79.27
"1993-1995"	"MK12 North Karelia"	74.96	71.00	79.11
"1993-1995"	"MK13 Central Finland"	76.03	72.27	79.76
"1993-1995"	"MK14 South Ostrobothnia"	76.60	73.04	80.07
"1993-1995"	"MK15 Ostrobothnia"	78.32	75.24	81.16
"1993-1995"	"MK16 Central Ostrobothnia"	77.97	74.84	80.80
"1993-1995"	"MK17 North Ostrobothnia"	76.26	72.85	79.60
"1993-1995"	"MK18 Kainuu"	75.14	71.48	79.07
"1993-1995"	"MK19 Lapland"	75.13	71.33	79.15
"1993-1995"	"MA2 ÅLAND"	78.41	75.05	81.85
"1993-1995"	"MK21 Åland"	78.41	75.05	81.85
"1994-1996"	"WHOLE COUNTRY"	76.67	72.87	80.29
"1994-1996"	"MA1 MAINLAND FINLAND"	76.66	72.86	80.28
"1994-1996"	"MK01 Uusimaa"	77.03	73.28	80.31
"1994-1996"	"MK02 Southwest Finland"	77.18	73.38	80.72
"1994-1996"	"MK04 Satakunta"	76.89	72.87	80.84
"1994-1996"	"MK05 Kanta-Häme"	76.73	72.50	80.86
"1994-1996"	"MK06 Pirkanmaa"	76.78	72.98	80.30
"1994-1996"	"MK07 Päijät-Häme"	75.95	71.75	79.92
"1994-1996"	"MK08 Kymenlaakso"	75.92	71.93	79.93
"1994-1996"	"MK09 South Karelia"	76.08	72.07	80.16
"1994-1996"	"MK10 South Savo"	76.30	72.51	80.03
"1994-1996"	"MK11 North Savo"	75.75	72.02	79.47
"1994-1996"	"MK12 North Karelia"	75.22	71.29	79.33
"1994-1996"	"MK13 Central Finland"	76.48	72.82	80.10
"1994-1996"	"MK14 South Ostrobothnia"	77.11	73.56	80.56
"1994-1996"	"MK15 Ostrobothnia"	78.79	75.91	81.41
"1994-1996"	"MK16 Central Ostrobothnia"	78.09	74.97	80.90
"1994-1996"	"MK17 North Ostrobothnia"	76.66	72.98	80.30
"1994-1996"	"MK18 Kainuu"	75.33	71.16	79.79
"1994-1996"	"MK19 Lapland"	75.61	71.71	79.78
"1994-1996"	"MA2 ÅLAND"	77.99	74.26	81.84
"1994-1996"	"MK21 Åland"	77.99	74.26	81.84
"1995-1997"	"WHOLE COUNTRY"	76.83	73.08	80.41
"1995-1997"	"MA1 MAINLAND FINLAND"	76.83	73.07	80.41
"1995-1997"	"MK01 Uusimaa"	77.19	73.51	80.41
"1995-1997"	"MK02 Southwest Finland"	77.37	73.63	80.86
"1995-1997"	"MK04 Satakunta"	76.99	73.33	80.53
"1995-1997"	"MK05 Kanta-Häme"	77.11	73.23	80.83
"1995-1997"	"MK06 Pirkanmaa"	76.85	73.04	80.40
"1995-1997"	"MK07 Päijät-Häme"	76.19	71.85	80.35
"1995-1997"	"MK08 Kymenlaakso"	75.84	71.83	79.89
"1995-1997"	"MK09 South Karelia"	75.94	72.02	79.94
"1995-1997"	"MK10 South Savo"	76.38	72.25	80.52
"1995-1997"	"MK11 North Savo"	76.00	72.21	79.77
"1995-1997"	"MK12 North Karelia"	75.79	71.87	79.87
"1995-1997"	"MK13 Central Finland"	76.69	73.07	80.23
"1995-1997"	"MK14 South Ostrobothnia"	77.26	73.58	80.90
"1995-1997"	"MK15 Ostrobothnia"	79.07	76.28	81.61
"1995-1997"	"MK16 Central Ostrobothnia"	78.31	75.48	80.89
"1995-1997"	"MK17 North Ostrobothnia"	76.72	73.06	80.39
"1995-1997"	"MK18 Kainuu"	75.37	71.34	79.70
"1995-1997"	"MK19 Lapland"	75.76	72.14	79.59
"1995-1997"	"MA2 ÅLAND"	78.19	74.53	81.92
"1995-1997"	"MK21 Åland"	78.19	74.53	81.92
"1996-1998"	"WHOLE COUNTRY"	77.05	73.32	80.62
"1996-1998"	"MA1 MAINLAND FINLAND"	77.04	73.31	80.61
"1996-1998"	"MK01 Uusimaa"	77.34	73.78	80.45
"1996-1998"	"MK02 Southwest Finland"	77.81	74.09	81.24
"1996-1998"	"MK04 Satakunta"	77.21	73.63	80.67
"1996-1998"	"MK05 Kanta-Häme"	77.38	73.77	80.78
"1996-1998"	"MK06 Pirkanmaa"	77.28	73.41	80.90
"1996-1998"	"MK07 Päijät-Häme"	76.29	72.21	80.17
"1996-1998"	"MK08 Kymenlaakso"	76.02	71.90	80.20
"1996-1998"	"MK09 South Karelia"	76.25	72.13	80.49
"1996-1998"	"MK10 South Savo"	76.58	72.42	80.78
"1996-1998"	"MK11 North Savo"	76.12	72.38	79.85
"1996-1998"	"MK12 North Karelia"	75.75	71.96	79.71
"1996-1998"	"MK13 Central Finland"	76.84	73.13	80.48
"1996-1998"	"MK14 South Ostrobothnia"	77.47	73.75	81.15
"1996-1998"	"MK15 Ostrobothnia"	79.40	76.46	82.16
"1996-1998"	"MK16 Central Ostrobothnia"	78.17	74.96	81.24
"1996-1998"	"MK17 North Ostrobothnia"	76.78	72.94	80.71
"1996-1998"	"MK18 Kainuu"	75.68	71.54	80.09
"1996-1998"	"MK19 Lapland"	75.95	72.36	79.71
"1996-1998"	"MA2 ÅLAND"	79.11	75.21	83.19
"1996-1998"	"MK21 Åland"	79.11	75.21	83.19
"1997-1999"	"WHOLE COUNTRY"	77.25	73.56	80.79
"1997-1999"	"MA1 MAINLAND FINLAND"	77.25	73.55	80.78
"1997-1999"	"MK01 Uusimaa"	77.58	74.07	80.65
"1997-1999"	"MK02 Southwest Finland"	77.90	74.04	81.49
"1997-1999"	"MK04 Satakunta"	77.55	74.03	80.89
"1997-1999"	"MK05 Kanta-Häme"	77.43	73.62	81.06
"1997-1999"	"MK06 Pirkanmaa"	77.59	73.76	81.18
"1997-1999"	"MK07 Päijät-Häme"	76.69	72.73	80.44
"1997-1999"	"MK08 Kymenlaakso"	76.09	72.01	80.28
"1997-1999"	"MK09 South Karelia"	76.48	72.38	80.72
"1997-1999"	"MK10 South Savo"	76.79	72.73	80.87
"1997-1999"	"MK11 North Savo"	76.42	72.69	80.16
"1997-1999"	"MK12 North Karelia"	75.98	72.25	79.90
"1997-1999"	"MK13 Central Finland"	76.94	73.17	80.67
"1997-1999"	"MK14 South Ostrobothnia"	77.53	73.95	81.05
"1997-1999"	"MK15 Ostrobothnia"	79.55	76.41	82.51
"1997-1999"	"MK16 Central Ostrobothnia"	78.33	75.08	81.51
"1997-1999"	"MK17 North Ostrobothnia"	76.79	73.12	80.56
"1997-1999"	"MK18 Kainuu"	76.29	72.49	80.28
"1997-1999"	"MK19 Lapland"	76.07	72.56	79.74
"1997-1999"	"MA2 ÅLAND"	79.29	76.02	82.62
"1997-1999"	"MK21 Åland"	79.29	76.02	82.62
"1998-2000"	"WHOLE COUNTRY"	77.45	73.80	80.96
"1998-2000"	"MA1 MAINLAND FINLAND"	77.44	73.78	80.95
"1998-2000"	"MK01 Uusimaa"	77.74	74.19	80.86
"1998-2000"	"MK02 Southwest Finland"	77.95	74.17	81.46
"1998-2000"	"MK04 Satakunta"	77.77	74.28	81.08
"1998-2000"	"MK05 Kanta-Häme"	77.58	73.99	80.99
"1998-2000"	"MK06 Pirkanmaa"	77.89	74.22	81.33
"1998-2000"	"MK07 Päijät-Häme"	77.05	73.08	80.81
"1998-2000"	"MK08 Kymenlaakso"	76.17	71.95	80.55
"1998-2000"	"MK09 South Karelia"	76.86	72.45	81.46
"1998-2000"	"MK10 South Savo"	77.05	73.14	81.00
"1998-2000"	"MK11 North Savo"	76.65	72.94	80.40
"1998-2000"	"MK12 North Karelia"	76.10	72.60	79.71
"1998-2000"	"MK13 Central Finland"	77.17	73.58	80.71
"1998-2000"	"MK14 South Ostrobothnia"	77.77	74.46	80.96
"1998-2000"	"MK15 Ostrobothnia"	79.80	76.65	82.81
"1998-2000"	"MK16 Central Ostrobothnia"	78.71	75.35	82.03
"1998-2000"	"MK17 North Ostrobothnia"	76.95	73.32	80.71
"1998-2000"	"MK18 Kainuu"	76.41	72.57	80.49
"1998-2000"	"MK19 Lapland"	76.43	72.72	80.35
"1998-2000"	"MA2 ÅLAND"	79.76	76.95	82.41
"1998-2000"	"MK21 Åland"	79.76	76.95	82.41
"1999-2001"	"WHOLE COUNTRY"	77.74	74.14	81.19
"1999-2001"	"MA1 MAINLAND FINLAND"	77.74	74.13	81.19
"1999-2001"	"MK01 Uusimaa"	78.04	74.50	81.16
"1999-2001"	"MK02 Southwest Finland"	78.03	74.27	81.55
"1999-2001"	"MK04 Satakunta"	78.02	74.56	81.30
"1999-2001"	"MK05 Kanta-Häme"	77.64	74.15	80.98
"1999-2001"	"MK06 Pirkanmaa"	78.10	74.65	81.31
"1999-2001"	"MK07 Päijät-Häme"	77.58	73.62	81.30
"1999-2001"	"MK08 Kymenlaakso"	76.29	72.18	80.54
"1999-2001"	"MK09 South Karelia"	77.12	72.92	81.45
"1999-2001"	"MK10 South Savo"	77.22	73.41	81.07
"1999-2001"	"MK11 North Savo"	77.20	73.61	80.81
"1999-2001"	"MK12 North Karelia"	76.55	72.79	80.47
"1999-2001"	"MK13 Central Finland"	77.52	73.94	81.06
"1999-2001"	"MK14 South Ostrobothnia"	78.09	74.82	81.24
"1999-2001"	"MK15 Ostrobothnia"	79.96	77.07	82.65
"1999-2001"	"MK16 Central Ostrobothnia"	79.01	75.50	82.51
"1999-2001"	"MK17 North Ostrobothnia"	77.43	73.91	81.05
"1999-2001"	"MK18 Kainuu"	76.58	72.73	80.68
"1999-2001"	"MK19 Lapland"	76.76	73.05	80.69
"1999-2001"	"MA2 ÅLAND"	79.63	76.86	82.27
"1999-2001"	"MK21 Åland"	79.63	76.86	82.27
"2000-2002"	"WHOLE COUNTRY"	78.02	74.52	81.36
"2000-2002"	"MA1 MAINLAND FINLAND"	78.01	74.50	81.35
"2000-2002"	"MK01 Uusimaa"	78.25	74.76	81.32
"2000-2002"	"MK02 Southwest Finland"	78.36	74.80	81.69
"2000-2002"	"MK04 Satakunta"	78.21	74.98	81.27
"2000-2002"	"MK05 Kanta-Häme"	78.09	74.75	81.28
"2000-2002"	"MK06 Pirkanmaa"	78.21	74.85	81.35
"2000-2002"	"MK07 Päijät-Häme"	77.89	74.02	81.50
"2000-2002"	"MK08 Kymenlaakso"	76.58	72.62	80.66
"2000-2002"	"MK09 South Karelia"	77.80	73.74	81.89
"2000-2002"	"MK10 South Savo"	77.59	73.90	81.27
"2000-2002"	"MK11 North Savo"	77.39	73.77	81.04
"2000-2002"	"MK12 North Karelia"	76.66	72.98	80.51
"2000-2002"	"MK13 Central Finland"	77.78	74.33	81.16
"2000-2002"	"MK14 South Ostrobothnia"	78.56	75.26	81.76
"2000-2002"	"MK15 Ostrobothnia"	80.10	77.41	82.60
"2000-2002"	"MK16 Central Ostrobothnia"	79.28	75.92	82.59
"2000-2002"	"MK17 North Ostrobothnia"	77.90	74.56	81.32
"2000-2002"	"MK18 Kainuu"	76.43	72.39	80.83
"2000-2002"	"MK19 Lapland"	76.99	73.34	80.83
"2000-2002"	"MA2 ÅLAND"	80.90	78.22	83.49
"2000-2002"	"MK21 Åland"	80.90	78.22	83.49
"2001-2003"	"WHOLE COUNTRY"	78.30	74.84	81.62
"2001-2003"	"MA1 MAINLAND FINLAND"	78.29	74.83	81.62
"2001-2003"	"MK01 Uusimaa"	78.60	75.28	81.50
"2001-2003"	"MK02 Southwest Finland"	78.88	75.40	82.11
"2001-2003"	"MK04 Satakunta"	78.51	75.04	81.90
"2001-2003"	"MK05 Kanta-Häme"	78.19	74.69	81.61
"2001-2003"	"MK06 Pirkanmaa"	78.50	75.11	81.69
"2001-2003"	"MK07 Päijät-Häme"	78.05	74.34	81.48
"2001-2003"	"MK08 Kymenlaakso"	77.17	73.41	80.99
"2001-2003"	"MK09 South Karelia"	77.73	73.93	81.52
"2001-2003"	"MK10 South Savo"	77.61	73.93	81.30
"2001-2003"	"MK11 North Savo"	77.57	73.97	81.22
"2001-2003"	"MK12 North Karelia"	76.92	73.10	81.00
"2001-2003"	"MK13 Central Finland"	77.95	74.39	81.46
"2001-2003"	"MK14 South Ostrobothnia"	78.55	75.07	81.99
"2001-2003"	"MK15 Ostrobothnia"	80.31	77.67	82.76
"2001-2003"	"MK16 Central Ostrobothnia"	79.53	76.22	82.76
"2001-2003"	"MK17 North Ostrobothnia"	78.15	74.84	81.55
"2001-2003"	"MK18 Kainuu"	76.76	72.76	81.11
"2001-2003"	"MK19 Lapland"	77.21	73.50	81.17
"2001-2003"	"MA2 ÅLAND"	81.01	77.75	84.32
"2001-2003"	"MK21 Åland"	81.01	77.75	84.32
"2002-2004"	"WHOLE COUNTRY"	78.54	75.09	81.86
"2002-2004"	"MA1 MAINLAND FINLAND"	78.53	75.08	81.86
"2002-2004"	"MK01 Uusimaa"	78.82	75.54	81.69
"2002-2004"	"MK02 Southwest Finland"	79.26	75.91	82.34
"2002-2004"	"MK04 Satakunta"	78.68	75.22	82.09
"2002-2004"	"MK05 Kanta-Häme"	78.43	74.86	81.93
"2002-2004"	"MK06 Pirkanmaa"	78.74	75.17	82.13
"2002-2004"	"MK07 Päijät-Häme"	78.26	74.64	81.60
"2002-2004"	"MK08 Kymenlaakso"	77.61	73.98	81.25
"2002-2004"	"MK09 South Karelia"	77.84	74.23	81.47
"2002-2004"	"MK10 South Savo"	77.90	74.20	81.67
"2002-2004"	"MK11 North Savo"	77.69	74.05	81.42
"2002-2004"	"MK12 North Karelia"	77.14	73.39	81.14
"2002-2004"	"MK13 Central Finland"	78.27	74.60	81.92
"2002-2004"	"MK14 South Ostrobothnia"	78.62	75.24	81.96
"2002-2004"	"MK15 Ostrobothnia"	80.54	77.65	83.29
"2002-2004"	"MK16 Central Ostrobothnia"	79.84	76.58	83.06
"2002-2004"	"MK17 North Ostrobothnia"	78.35	75.00	81.79
"2002-2004"	"MK18 Kainuu"	76.94	72.78	81.50
"2002-2004"	"MK19 Lapland"	77.50	73.94	81.31
"2002-2004"	"MA2 ÅLAND"	80.71	77.38	84.09
"2002-2004"	"MK21 Åland"	80.71	77.38	84.09
"2003-2005"	"WHOLE COUNTRY"	78.78	75.31	82.12
"2003-2005"	"MA1 MAINLAND FINLAND"	78.77	75.30	82.12
"2003-2005"	"MK01 Uusimaa"	79.06	75.80	81.91
"2003-2005"	"MK02 Southwest Finland"	79.33	75.91	82.52
"2003-2005"	"MK04 Satakunta"	78.89	75.26	82.52
"2003-2005"	"MK05 Kanta-Häme"	78.28	74.75	81.75
"2003-2005"	"MK06 Pirkanmaa"	79.19	75.70	82.45
"2003-2005"	"MK07 Päijät-Häme"	78.34	74.67	81.79
"2003-2005"	"MK08 Kymenlaakso"	77.89	74.28	81.57
"2003-2005"	"MK09 South Karelia"	77.76	74.18	81.38
"2003-2005"	"MK10 South Savo"	77.96	74.22	81.82
"2003-2005"	"MK11 North Savo"	78.02	74.35	81.79
"2003-2005"	"MK12 North Karelia"	77.57	73.71	81.69
"2003-2005"	"MK13 Central Finland"	78.77	75.17	82.35
"2003-2005"	"MK14 South Ostrobothnia"	78.53	75.09	82.02
"2003-2005"	"MK15 Ostrobothnia"	80.83	77.68	83.88
"2003-2005"	"MK16 Central Ostrobothnia"	80.19	77.02	83.24
"2003-2005"	"MK17 North Ostrobothnia"	78.61	75.13	82.22
"2003-2005"	"MK18 Kainuu"	77.48	73.58	81.67
"2003-2005"	"MK19 Lapland"	77.96	74.47	81.67
"2003-2005"	"MA2 ÅLAND"	80.16	77.30	83.00
"2003-2005"	"MK21 Åland"	80.16	77.30	83.00
"2004-2006"	"WHOLE COUNTRY"	79.06	75.54	82.46
"2004-2006"	"MA1 MAINLAND FINLAND"	79.05	75.53	82.46
"2004-2006"	"MK01 Uusimaa"	79.31	75.91	82.33
"2004-2006"	"MK02 Southwest Finland"	79.47	75.93	82.80
"2004-2006"	"MK04 Satakunta"	79.11	75.47	82.69
"2004-2006"	"MK05 Kanta-Häme"	78.74	75.03	82.40
"2004-2006"	"MK06 Pirkanmaa"	79.48	76.05	82.69
"2004-2006"	"MK07 Päijät-Häme"	78.90	75.10	82.50
"2004-2006"	"MK08 Kymenlaakso"	77.91	74.18	81.73
"2004-2006"	"MK09 South Karelia"	78.27	74.88	81.69
"2004-2006"	"MK10 South Savo"	78.27	74.67	81.94
"2004-2006"	"MK11 North Savo"	78.43	74.84	82.07
"2004-2006"	"MK12 North Karelia"	78.09	74.41	81.99
"2004-2006"	"MK13 Central Finland"	79.09	75.41	82.79
"2004-2006"	"MK14 South Ostrobothnia"	78.82	75.33	82.34
"2004-2006"	"MK15 Ostrobothnia"	80.94	77.68	84.15
"2004-2006"	"MK16 Central Ostrobothnia"	80.48	77.31	83.62
"2004-2006"	"MK17 North Ostrobothnia"	79.05	75.57	82.64
"2004-2006"	"MK18 Kainuu"	77.37	73.43	81.68
"2004-2006"	"MK19 Lapland"	78.24	74.63	82.11
"2004-2006"	"MA2 ÅLAND"	80.59	78.02	83.12
"2004-2006"	"MK21 Åland"	80.59	78.02	83.12
"2005-2007"	"WHOLE COUNTRY"	79.24	75.72	82.65
"2005-2007"	"MA1 MAINLAND FINLAND"	79.23	75.71	82.66
"2005-2007"	"MK01 Uusimaa"	79.54	76.04	82.68
"2005-2007"	"MK02 Southwest Finland"	79.59	76.07	82.93
"2005-2007"	"MK04 Satakunta"	79.16	75.61	82.66
"2005-2007"	"MK05 Kanta-Häme"	78.98	75.55	82.32
"2005-2007"	"MK06 Pirkanmaa"	79.49	76.16	82.63
"2005-2007"	"MK07 Päijät-Häme"	78.96	75.01	82.75
"2005-2007"	"MK08 Kymenlaakso"	77.78	73.91	81.83
"2005-2007"	"MK09 South Karelia"	78.57	75.07	82.04
"2005-2007"	"MK10 South Savo"	78.60	75.04	82.27
"2005-2007"	"MK11 North Savo"	78.57	74.91	82.33
"2005-2007"	"MK12 North Karelia"	78.48	74.99	82.14
"2005-2007"	"MK13 Central Finland"	79.27	75.72	82.84
"2005-2007"	"MK14 South Ostrobothnia"	79.29	75.74	82.91
"2005-2007"	"MK15 Ostrobothnia"	81.18	78.13	84.14
"2005-2007"	"MK16 Central Ostrobothnia"	80.69	77.51	83.80
"2005-2007"	"MK17 North Ostrobothnia"	79.30	75.88	82.82
"2005-2007"	"MK18 Kainuu"	77.53	73.65	81.75
"2005-2007"	"MK19 Lapland"	78.56	74.83	82.60
"2005-2007"	"MA2 ÅLAND"	81.32	79.12	83.49
"2005-2007"	"MK21 Åland"	81.32	79.12	83.49
"2006-2008"	"WHOLE COUNTRY"	79.48	75.99	82.89
"2006-2008"	"MA1 MAINLAND FINLAND"	79.47	75.98	82.90
"2006-2008"	"MK01 Uusimaa"	79.93	76.45	83.08
"2006-2008"	"MK02 Southwest Finland"	79.93	76.58	83.10
"2006-2008"	"MK04 Satakunta"	79.47	75.93	82.96
"2006-2008"	"MK05 Kanta-Häme"	79.52	76.27	82.66
"2006-2008"	"MK06 Pirkanmaa"	79.71	76.30	82.96
"2006-2008"	"MK07 Päijät-Häme"	79.27	75.48	82.90
"2006-2008"	"MK08 Kymenlaakso"	77.93	74.06	81.96
"2006-2008"	"MK09 South Karelia"	78.80	75.33	82.24
"2006-2008"	"MK10 South Savo"	78.82	75.18	82.60
"2006-2008"	"MK11 North Savo"	78.63	75.00	82.42
"2006-2008"	"MK12 North Karelia"	78.63	75.32	82.11
"2006-2008"	"MK13 Central Finland"	79.16	75.51	82.93
"2006-2008"	"MK14 South Ostrobothnia"	79.67	76.31	83.05
"2006-2008"	"MK15 Ostrobothnia"	81.39	78.37	84.39
"2006-2008"	"MK16 Central Ostrobothnia"	80.48	77.18	83.77
"2006-2008"	"MK17 North Ostrobothnia"	79.46	76.11	82.90
"2006-2008"	"MK18 Kainuu"	77.63	73.73	81.93
"2006-2008"	"MK19 Lapland"	78.44	74.37	82.94
"2006-2008"	"MA2 ÅLAND"	81.78	80.04	83.39
"2006-2008"	"MK21 Åland"	81.78	80.04	83.39
"2007-2009"	"WHOLE COUNTRY"	79.64	76.22	82.99
"2007-2009"	"MA1 MAINLAND FINLAND"	79.63	76.20	83.00
"2007-2009"	"MK01 Uusimaa"	80.16	76.80	83.19
"2007-2009"	"MK02 Southwest Finland"	80.07	76.78	83.25
"2007-2009"	"MK04 Satakunta"	79.44	76.02	82.86
"2007-2009"	"MK05 Kanta-Häme"	79.65	76.66	82.51
"2007-2009"	"MK06 Pirkanmaa"	79.86	76.43	83.16
"2007-2009"	"MK07 Päijät-Häme"	78.97	75.41	82.42
"2007-2009"	"MK08 Kymenlaakso"	78.13	74.50	81.86
"2007-2009"	"MK09 South Karelia"	78.53	74.79	82.37
"2007-2009"	"MK10 South Savo"	78.93	75.12	82.96
"2007-2009"	"MK11 North Savo"	78.72	75.03	82.59
"2007-2009"	"MK12 North Karelia"	78.82	75.19	82.70
"2007-2009"	"MK13 Central Finland"	79.41	75.85	83.05
"2007-2009"	"MK14 South Ostrobothnia"	80.03	76.65	83.45
"2007-2009"	"MK15 Ostrobothnia"	81.58	78.84	84.24
"2007-2009"	"MK16 Central Ostrobothnia"	80.43	77.18	83.69
"2007-2009"	"MK17 North Ostrobothnia"	79.64	76.45	82.91
"2007-2009"	"MK18 Kainuu"	78.11	74.13	82.47
"2007-2009"	"MK19 Lapland"	78.69	74.70	83.12
"2007-2009"	"MA2 ÅLAND"	81.83	80.07	83.38
"2007-2009"	"MK21 Åland"	81.83	80.07	83.38
"2008-2010"	"WHOLE COUNTRY"	79.84	76.50	83.12
"2008-2010"	"MA1 MAINLAND FINLAND"	79.84	76.49	83.13
"2008-2010"	"MK01 Uusimaa"	80.34	77.11	83.24
"2008-2010"	"MK02 Southwest Finland"	80.17	76.83	83.42
"2008-2010"	"MK04 Satakunta"	79.65	76.33	82.98
"2008-2010"	"MK05 Kanta-Häme"	79.88	76.78	82.86
"2008-2010"	"MK06 Pirkanmaa"	80.09	76.84	83.20
"2008-2010"	"MK07 Päijät-Häme"	79.12	75.75	82.37
"2008-2010"	"MK08 Kymenlaakso"	78.48	74.89	82.15
"2008-2010"	"MK09 South Karelia"	78.87	75.13	82.79
"2008-2010"	"MK10 South Savo"	78.86	74.94	83.05
"2008-2010"	"MK11 North Savo"	79.02	75.46	82.72
"2008-2010"	"MK12 North Karelia"	78.72	74.92	82.82
"2008-2010"	"MK13 Central Finland"	79.75	76.43	83.11
"2008-2010"	"MK14 South Ostrobothnia"	80.03	76.63	83.50
"2008-2010"	"MK15 Ostrobothnia"	81.95	79.25	84.57
"2008-2010"	"MK16 Central Ostrobothnia"	80.39	77.23	83.53
"2008-2010"	"MK17 North Ostrobothnia"	79.97	76.85	83.15
"2008-2010"	"MK18 Kainuu"	78.53	74.62	82.74
"2008-2010"	"MK19 Lapland"	78.84	74.95	83.13
"2008-2010"	"MA2 ÅLAND"	82.03	80.64	83.11
"2008-2010"	"MK21 Åland"	82.03	80.64	83.11
"2009-2011"	"WHOLE COUNTRY"	80.08	76.79	83.30
"2009-2011"	"MA1 MAINLAND FINLAND"	80.07	76.78	83.30
"2009-2011"	"MK01 Uusimaa"	80.48	77.30	83.32
"2009-2011"	"MK02 Southwest Finland"	80.45	77.08	83.71
"2009-2011"	"MK04 Satakunta"	79.74	76.45	83.05
"2009-2011"	"MK05 Kanta-Häme"	80.05	76.84	83.18
"2009-2011"	"MK06 Pirkanmaa"	80.18	77.00	83.23
"2009-2011"	"MK07 Päijät-Häme"	79.37	75.98	82.66
"2009-2011"	"MK08 Kymenlaakso"	78.94	75.40	82.55
"2009-2011"	"MK09 South Karelia"	79.00	75.28	82.91
"2009-2011"	"MK10 South Savo"	79.18	75.52	83.05
"2009-2011"	"MK11 North Savo"	79.33	75.98	82.79
"2009-2011"	"MK12 North Karelia"	79.32	75.47	83.50
"2009-2011"	"MK13 Central Finland"	79.95	76.73	83.17
"2009-2011"	"MK14 South Ostrobothnia"	80.31	76.84	83.87
"2009-2011"	"MK15 Ostrobothnia"	82.42	80.04	84.69
"2009-2011"	"MK16 Central Ostrobothnia"	80.77	77.78	83.73
"2009-2011"	"MK17 North Ostrobothnia"	80.21	77.02	83.50
"2009-2011"	"MK18 Kainuu"	78.70	74.98	82.73
"2009-2011"	"MK19 Lapland"	79.26	75.69	83.19
"2009-2011"	"MA2 ÅLAND"	82.26	80.01	84.38
"2009-2011"	"MK21 Åland"	82.26	80.01	84.38
"2010-2012"	"WHOLE COUNTRY"	80.29	77.13	83.39
"2010-2012"	"MA1 MAINLAND FINLAND"	80.29	77.12	83.39
"2010-2012"	"MK01 Uusimaa"	80.66	77.58	83.41
"2010-2012"	"MK02 Southwest Finland"	80.67	77.55	83.65
"2010-2012"	"MK04 Satakunta"	79.82	76.81	82.83
"2010-2012"	"MK05 Kanta-Häme"	80.33	77.02	83.58
"2010-2012"	"MK06 Pirkanmaa"	80.40	77.36	83.32
"2010-2012"	"MK07 Päijät-Häme"	79.64	76.23	82.95
"2010-2012"	"MK08 Kymenlaakso"	79.19	75.63	82.88
"2010-2012"	"MK09 South Karelia"	79.73	76.12	83.46
"2010-2012"	"MK10 South Savo"	79.37	75.71	83.21
"2010-2012"	"MK11 North Savo"	79.37	76.13	82.74
"2010-2012"	"MK12 North Karelia"	79.40	75.79	83.26
"2010-2012"	"MK13 Central Finland"	80.04	77.03	83.05
"2010-2012"	"MK14 South Ostrobothnia"	80.67	77.53	83.87
"2010-2012"	"MK15 Ostrobothnia"	82.67	80.29	84.94
"2010-2012"	"MK16 Central Ostrobothnia"	80.77	77.73	83.78
"2010-2012"	"MK17 North Ostrobothnia"	80.55	77.40	83.80
"2010-2012"	"MK18 Kainuu"	78.97	75.34	82.91
"2010-2012"	"MK19 Lapland"	79.70	76.44	83.25
"2010-2012"	"MA2 ÅLAND"	81.47	79.20	83.74
"2010-2012"	"MK21 Åland"	81.47	79.20	83.74
"2011-2013"	"WHOLE COUNTRY"	80.58	77.50	83.58
"2011-2013"	"MA1 MAINLAND FINLAND"	80.58	77.50	83.58
"2011-2013"	"MK01 Uusimaa"	81.05	78.07	83.71
"2011-2013"	"MK02 Southwest Finland"	80.97	77.98	83.82
"2011-2013"	"MK04 Satakunta"	79.92	76.96	82.87
"2011-2013"	"MK05 Kanta-Häme"	80.41	77.26	83.49
"2011-2013"	"MK06 Pirkanmaa"	80.79	77.82	83.66
"2011-2013"	"MK07 Päijät-Häme"	80.06	76.90	83.08
"2011-2013"	"MK08 Kymenlaakso"	79.55	76.06	83.17
"2011-2013"	"MK09 South Karelia"	79.90	76.28	83.66
"2011-2013"	"MK10 South Savo"	79.63	76.13	83.24
"2011-2013"	"MK11 North Savo"	79.48	76.13	82.96
"2011-2013"	"MK12 North Karelia"	79.95	76.57	83.53
"2011-2013"	"MK13 Central Finland"	80.31	77.34	83.28
"2011-2013"	"MK14 South Ostrobothnia"	81.08	78.15	84.04
"2011-2013"	"MK15 Ostrobothnia"	82.49	80.12	84.78
"2011-2013"	"MK16 Central Ostrobothnia"	80.88	77.56	84.27
"2011-2013"	"MK17 North Ostrobothnia"	80.71	77.64	83.89
"2011-2013"	"MK18 Kainuu"	79.02	75.48	82.88
"2011-2013"	"MK19 Lapland"	79.87	76.70	83.29
"2011-2013"	"MA2 ÅLAND"	81.34	78.62	84.28
"2011-2013"	"MK21 Åland"	81.34	78.62	84.28
"2012-2014"	"WHOLE COUNTRY"	80.80	77.84	83.69
"2012-2014"	"MA1 MAINLAND FINLAND"	80.80	77.83	83.70
"2012-2014"	"MK01 Uusimaa"	81.32	78.45	83.88
"2012-2014"	"MK02 Southwest Finland"	81.18	78.36	83.85
"2012-2014"	"MK04 Satakunta"	80.06	77.31	82.78
"2012-2014"	"MK05 Kanta-Häme"	80.62	77.61	83.60
"2012-2014"	"MK06 Pirkanmaa"	81.13	78.25	83.88
"2012-2014"	"MK07 Päijät-Häme"	80.22	77.23	83.06
"2012-2014"	"MK08 Kymenlaakso"	79.74	76.43	83.18
"2012-2014"	"MK09 South Karelia"	80.11	76.43	84.02
"2012-2014"	"MK10 South Savo"	79.61	76.09	83.27
"2012-2014"	"MK11 North Savo"	79.55	76.07	83.21
"2012-2014"	"MK12 North Karelia"	79.82	76.86	82.91
"2012-2014"	"MK13 Central Finland"	80.52	77.71	83.35
"2012-2014"	"MK14 South Ostrobothnia"	81.27	78.34	84.26
"2012-2014"	"MK15 Ostrobothnia"	82.52	80.07	84.94
"2012-2014"	"MK16 Central Ostrobothnia"	81.05	77.56	84.65
"2012-2014"	"MK17 North Ostrobothnia"	81.05	78.16	84.01
"2012-2014"	"MK18 Kainuu"	79.38	75.85	83.18
"2012-2014"	"MK19 Lapland"	80.29	77.29	83.47
"2012-2014"	"MA2 ÅLAND"	81.66	79.16	84.19
"2012-2014"	"MK21 Åland"	81.66	79.16	84.19
"2013-2015"	"WHOLE COUNTRY"	81.09	78.18	83.94
"2013-2015"	"MA1 MAINLAND FINLAND"	81.09	78.17	83.94
"2013-2015"	"MK01 Uusimaa"	81.57	78.78	84.07
"2013-2015"	"MK02 Southwest Finland"	81.50	78.64	84.23
"2013-2015"	"MK04 Satakunta"	80.49	77.74	83.22
"2013-2015"	"MK05 Kanta-Häme"	80.76	77.89	83.57
"2013-2015"	"MK06 Pirkanmaa"	81.40	78.58	84.11
"2013-2015"	"MK07 Päijät-Häme"	80.83	78.11	83.38
"2013-2015"	"MK08 Kymenlaakso"	80.07	76.88	83.35
"2013-2015"	"MK09 South Karelia"	80.14	76.48	84.09
"2013-2015"	"MK10 South Savo"	79.76	76.35	83.31
"2013-2015"	"MK11 North Savo"	79.98	76.56	83.60
"2013-2015"	"MK12 North Karelia"	80.11	77.33	82.99
"2013-2015"	"MK13 Central Finland"	80.94	78.13	83.78
"2013-2015"	"MK14 South Ostrobothnia"	81.29	78.22	84.47
"2013-2015"	"MK15 Ostrobothnia"	82.73	80.16	85.31
"2013-2015"	"MK16 Central Ostrobothnia"	81.75	78.53	85.05
"2013-2015"	"MK17 North Ostrobothnia"	81.33	78.36	84.40
"2013-2015"	"MK18 Kainuu"	79.85	76.52	83.43
"2013-2015"	"MK19 Lapland"	80.53	77.71	83.48
"2013-2015"	"MA2 ÅLAND"	82.56	80.30	84.82
"2013-2015"	"MK21 Åland"	82.56	80.30	84.82
"2014-2016"	"WHOLE COUNTRY"	81.24	78.38	84.04
"2014-2016"	"MA1 MAINLAND FINLAND"	81.24	78.37	84.05
"2014-2016"	"MK01 Uusimaa"	81.68	78.94	84.14
"2014-2016"	"MK02 Southwest Finland"	81.64	78.83	84.34
"2014-2016"	"MK04 Satakunta"	80.72	78.04	83.43
"2014-2016"	"MK05 Kanta-Häme"	81.17	78.30	83.97
"2014-2016"	"MK06 Pirkanmaa"	81.50	78.57	84.35
"2014-2016"	"MK07 Päijät-Häme"	80.91	78.21	83.44
"2014-2016"	"MK08 Kymenlaakso"	80.26	77.17	83.40
"2014-2016"	"MK09 South Karelia"	80.30	77.05	83.75
"2014-2016"	"MK10 South Savo"	79.89	76.51	83.44
"2014-2016"	"MK11 North Savo"	80.43	77.21	83.81
"2014-2016"	"MK12 North Karelia"	80.11	77.35	83.00
"2014-2016"	"MK13 Central Finland"	80.92	78.12	83.77
"2014-2016"	"MK14 South Ostrobothnia"	81.29	78.15	84.56
"2014-2016"	"MK15 Ostrobothnia"	82.97	80.41	85.54
"2014-2016"	"MK16 Central Ostrobothnia"	82.24	79.73	84.71
"2014-2016"	"MK17 North Ostrobothnia"	81.57	78.68	84.53
"2014-2016"	"MK18 Kainuu"	80.29	76.90	83.98
"2014-2016"	"MK19 Lapland"	80.57	77.71	83.65
"2014-2016"	"MA2 ÅLAND"	82.12	80.07	84.08
"2014-2016"	"MK21 Åland"	82.12	80.07	84.08
"2015-2017"	"WHOLE COUNTRY"	81.38	78.55	84.15
"2015-2017"	"MA1 MAINLAND FINLAND"	81.38	78.55	84.16
"2015-2017"	"MK01 Uusimaa"	81.80	79.05	84.28
"2015-2017"	"MK02 Southwest Finland"	81.66	78.82	84.42
"2015-2017"	"MK04 Satakunta"	80.81	78.07	83.58
"2015-2017"	"MK05 Kanta-Häme"	81.52	78.81	84.16
"2015-2017"	"MK06 Pirkanmaa"	81.70	78.91	84.40
"2015-2017"	"MK07 Päijät-Häme"	81.04	78.56	83.34
"2015-2017"	"MK08 Kymenlaakso"	80.41	77.30	83.57
"2015-2017"	"MK09 South Karelia"	80.49	77.49	83.57
"2015-2017"	"MK10 South Savo"	80.13	76.80	83.62
"2015-2017"	"MK11 North Savo"	80.81	77.79	83.96
"2015-2017"	"MK12 North Karelia"	80.36	77.34	83.58
"2015-2017"	"MK13 Central Finland"	81.24	78.38	84.14
"2015-2017"	"MK14 South Ostrobothnia"	81.55	78.47	84.74
"2015-2017"	"MK15 Ostrobothnia"	82.78	80.30	85.29
"2015-2017"	"MK16 Central Ostrobothnia"	82.45	80.58	84.20
"2015-2017"	"MK17 North Ostrobothnia"	81.66	78.81	84.59
"2015-2017"	"MK18 Kainuu"	80.11	76.58	84.00
"2015-2017"	"MK19 Lapland"	80.58	77.70	83.70
"2015-2017"	"MA2 ÅLAND"	82.35	80.17	84.53
"2015-2017"	"MK21 Åland"	82.35	80.17	84.53
"2016-2018"	"WHOLE COUNTRY"	81.46	78.68	84.20
"2016-2018"	"MA1 MAINLAND FINLAND"	81.46	78.67	84.21
"2016-2018"	"MK01 Uusimaa"	81.98	79.24	84.46
"2016-2018"	"MK02 Southwest Finland"	81.75	79.07	84.35
"2016-2018"	"MK04 Satakunta"	80.84	78.15	83.56
"2016-2018"	"MK05 Kanta-Häme"	81.64	78.88	84.36
"2016-2018"	"MK06 Pirkanmaa"	81.83	79.00	84.59
"2016-2018"	"MK07 Päijät-Häme"	80.82	78.14	83.39
"2016-2018"	"MK08 Kymenlaakso"	80.47	77.50	83.48
"2016-2018"	"MK09 South Karelia"	80.81	77.89	83.79
"2016-2018"	"MK10 South Savo"	80.22	77.23	83.34
"2016-2018"	"MK11 North Savo"	80.92	77.93	84.04
"2016-2018"	"MK12 North Karelia"	80.34	77.18	83.78
"2016-2018"	"MK13 Central Finland"	81.12	78.23	84.08
"2016-2018"	"MK14 South Ostrobothnia"	81.82	78.92	84.78
"2016-2018"	"MK15 Ostrobothnia"	82.88	80.59	85.18
"2016-2018"	"MK16 Central Ostrobothnia"	82.23	80.22	84.18
"2016-2018"	"MK17 North Ostrobothnia"	81.61	78.92	84.37
"2016-2018"	"MK18 Kainuu"	80.31	76.79	84.22
"2016-2018"	"MK19 Lapland"	80.45	77.57	83.59
"2016-2018"	"MA2 ÅLAND"	82.58	80.24	84.91
"2016-2018"	"MK21 Åland"	82.58	80.24	84.91
"2017-2019"	"WHOLE COUNTRY"	81.65	78.92	84.34
"2017-2019"	"MA1 MAINLAND FINLAND"	81.65	78.91	84.34
"2017-2019"	"MK01 Uusimaa"	82.17	79.45	84.63
"2017-2019"	"MK02 Southwest Finland"	81.97	79.29	84.55
"2017-2019"	"MK04 Satakunta"	80.92	78.15	83.73
"2017-2019"	"MK05 Kanta-Häme"	81.72	78.73	84.73
"2017-2019"	"MK06 Pirkanmaa"	82.12	79.44	84.68
"2017-2019"	"MK07 Päijät-Häme"	80.97	78.32	83.50
"2017-2019"	"MK08 Kymenlaakso"	80.41	77.47	83.40
"2017-2019"	"MK09 South Karelia"	80.90	77.83	84.05
"2017-2019"	"MK10 South Savo"	80.39	77.45	83.46
"2017-2019"	"MK11 North Savo"	81.03	78.17	83.99
"2017-2019"	"MK12 North Karelia"	80.32	77.15	83.79
"2017-2019"	"MK13 Central Finland"	81.48	78.65	84.37
"2017-2019"	"MK14 South Ostrobothnia"	82.08	79.26	84.96
"2017-2019"	"MK15 Ostrobothnia"	82.95	80.84	85.10
"2017-2019"	"MK16 Central Ostrobothnia"	82.58	80.57	84.51
"2017-2019"	"MK17 North Ostrobothnia"	81.82	79.19	84.52
"2017-2019"	"MK18 Kainuu"	80.48	77.30	83.95
"2017-2019"	"MK19 Lapland"	80.70	78.23	83.34
"2017-2019"	"MA2 ÅLAND"	83.48	81.20	85.79
"2017-2019"	"MK21 Åland"	83.48	81.20	85.79
"2018-2020"	"WHOLE COUNTRY"	81.77	79.03	84.47
"2018-2020"	"MA1 MAINLAND FINLAND"	81.76	79.02	84.47
"2018-2020"	"MK01 Uusimaa"	82.18	79.43	84.70
"2018-2020"	"MK02 Southwest Finland"	82.33	79.71	84.86
"2018-2020"	"MK04 Satakunta"	81.01	78.19	83.93
"2018-2020"	"MK05 Kanta-Häme"	81.53	78.56	84.55
"2018-2020"	"MK06 Pirkanmaa"	82.33	79.69	84.87
"2018-2020"	"MK07 Päijät-Häme"	81.18	78.33	83.93
"2018-2020"	"MK08 Kymenlaakso"	80.44	77.58	83.36
"2018-2020"	"MK09 South Karelia"	80.88	77.73	84.16
"2018-2020"	"MK10 South Savo"	80.56	77.72	83.53
"2018-2020"	"MK11 North Savo"	81.08	78.24	84.05
"2018-2020"	"MK12 North Karelia"	80.41	77.30	83.81
"2018-2020"	"MK13 Central Finland"	81.64	78.83	84.53
"2018-2020"	"MK14 South Ostrobothnia"	82.16	79.49	84.90
"2018-2020"	"MK15 Ostrobothnia"	83.25	81.13	85.40
"2018-2020"	"MK16 Central Ostrobothnia"	82.51	79.90	85.17
"2018-2020"	"MK17 North Ostrobothnia"	81.93	79.21	84.75
"2018-2020"	"MK18 Kainuu"	80.64	77.77	83.74
"2018-2020"	"MK19 Lapland"	80.84	78.42	83.42
"2018-2020"	"MA2 ÅLAND"	83.27	80.80	85.89
"2018-2020"	"MK21 Åland"	83.27	80.80	85.89
"2019-2021"	"WHOLE COUNTRY"	81.83	79.11	84.54
"2019-2021"	"MA1 MAINLAND FINLAND"	81.83	79.10	84.53
"2019-2021"	"MK01 Uusimaa"	82.15	79.41	84.68
"2019-2021"	"MK02 Southwest Finland"	82.35	79.59	85.05
"2019-2021"	"MK04 Satakunta"	81.04	78.07	84.15
"2019-2021"	"MK05 Kanta-Häme"	81.64	78.78	84.52
"2019-2021"	"MK06 Pirkanmaa"	82.51	80.04	84.85
"2019-2021"	"MK07 Päijät-Häme"	81.20	78.40	83.94
"2019-2021"	"MK08 Kymenlaakso"	80.47	77.39	83.71
"2019-2021"	"MK09 South Karelia"	80.90	77.96	83.92
"2019-2021"	"MK10 South Savo"	80.85	77.85	84.03
"2019-2021"	"MK11 North Savo"	81.06	78.26	83.97
"2019-2021"	"MK12 North Karelia"	80.67	77.69	83.91
"2019-2021"	"MK13 Central Finland"	81.93	79.23	84.68
"2019-2021"	"MK14 South Ostrobothnia"	82.25	79.62	84.95
"2019-2021"	"MK15 Ostrobothnia"	83.27	81.24	85.35
"2019-2021"	"MK16 Central Ostrobothnia"	82.55	80.08	85.10
"2019-2021"	"MK17 North Ostrobothnia"	81.93	79.16	84.84
"2019-2021"	"MK18 Kainuu"	80.45	77.89	83.20
"2019-2021"	"MK19 Lapland"	81.13	78.50	83.95
"2019-2021"	"MA2 ÅLAND"	83.75	81.28	86.30
"2019-2021"	"MK21 Åland"	83.75	81.28	86.30
"2020-2022"	"WHOLE COUNTRY"	81.60	78.93	84.28
"2020-2022"	"MA1 MAINLAND FINLAND"	81.60	78.92	84.28
"2020-2022"	"MK01 Uusimaa"	81.91	79.23	84.39
"2020-2022"	"MK02 Southwest Finland"	82.14	79.50	84.74
"2020-2022"	"MK04 Satakunta"	80.65	77.83	83.62
"2020-2022"	"MK05 Kanta-Häme"	81.69	79.09	84.30
"2020-2022"	"MK06 Pirkanmaa"	82.18	79.75	84.52
"2020-2022"	"MK07 Päijät-Häme"	81.07	78.40	83.68
"2020-2022"	"MK08 Kymenlaakso"	80.50	77.49	83.69
"2020-2022"	"MK09 South Karelia"	81.07	78.02	84.28
"2020-2022"	"MK10 South Savo"	80.46	77.49	83.62
"2020-2022"	"MK11 North Savo"	80.85	77.95	83.91
"2020-2022"	"MK12 North Karelia"	80.82	77.92	83.97
"2020-2022"	"MK13 Central Finland"	81.53	78.74	84.42
"2020-2022"	"MK14 South Ostrobothnia"	81.83	79.24	84.49
"2020-2022"	"MK15 Ostrobothnia"	83.10	81.05	85.21
"2020-2022"	"MK16 Central Ostrobothnia"	82.32	79.85	84.90
"2020-2022"	"MK17 North Ostrobothnia"	81.66	78.98	84.47
"2020-2022"	"MK18 Kainuu"	79.95	77.47	82.63
"2020-2022"	"MK19 Lapland"	80.98	78.16	84.06
"2020-2022"	"MA2 ÅLAND"	83.47	81.17	85.84
"2020-2022"	"MK21 Åland"	83.47	81.17	85.84
"2021-2023"	"WHOLE COUNTRY"	81.52	78.91	84.14
"2021-2023"	"MA1 MAINLAND FINLAND"	81.51	78.89	84.14
"2021-2023"	"MK01 Uusimaa"	81.94	79.38	84.30
"2021-2023"	"MK02 Southwest Finland"	81.94	79.26	84.60
"2021-2023"	"MK04 Satakunta"	80.48	77.73	83.36
"2021-2023"	"MK05 Kanta-Häme"	81.58	79.12	84.04
"2021-2023"	"MK06 Pirkanmaa"	81.90	79.41	84.34
"2021-2023"	"MK07 Päijät-Häme"	80.77	77.99	83.55
"2021-2023"	"MK08 Kymenlaakso"	80.59	77.43	84.00
"2021-2023"	"MK09 South Karelia"	81.15	78.28	84.21
"2021-2023"	"MK10 South Savo"	80.48	77.71	83.45
"2021-2023"	"MK11 North Savo"	80.81	77.92	83.84
"2021-2023"	"MK12 North Karelia"	80.92	78.08	83.98
"2021-2023"	"MK13 Central Finland"	81.27	78.54	84.11
"2021-2023"	"MK14 South Ostrobothnia"	81.38	78.86	83.99
"2021-2023"	"MK15 Ostrobothnia"	83.05	80.86	85.33
"2021-2023"	"MK16 Central Ostrobothnia"	82.27	80.40	84.13
"2021-2023"	"MK17 North Ostrobothnia"	81.61	79.16	84.17
"2021-2023"	"MK18 Kainuu"	79.87	77.11	82.97
"2021-2023"	"MK19 Lapland"	80.83	78.16	83.72
"2021-2023"	"MA2 ÅLAND"	84.04	81.77	86.44
"2021-2023"	"MK21 Åland"	84.04	81.77	86.44
"2022-2024"	"WHOLE COUNTRY"	81.65	79.07	84.24
"2022-2024"	"MA1 MAINLAND FINLAND"	81.64	79.06	84.24
"2022-2024"	"MK01 Uusimaa"	82.15	79.69	84.41
"2022-2024"	"MK02 Southwest Finland"	81.98	79.35	84.58
"2022-2024"	"MK04 Satakunta"	80.67	77.81	83.68
"2022-2024"	"MK05 Kanta-Häme"	81.84	79.39	84.32
"2022-2024"	"MK06 Pirkanmaa"	81.84	79.22	84.42
"2022-2024"	"MK07 Päijät-Häme"	80.84	78.19	83.47
"2022-2024"	"MK08 Kymenlaakso"	80.82	77.79	84.05
"2022-2024"	"MK09 South Karelia"	81.45	78.44	84.67
"2022-2024"	"MK10 South Savo"	80.69	78.04	83.51
"2022-2024"	"MK11 North Savo"	81.07	78.20	84.07
"2022-2024"	"MK12 North Karelia"	80.94	77.99	84.14
"2022-2024"	"MK13 Central Finland"	81.43	78.52	84.48
"2022-2024"	"MK14 South Ostrobothnia"	81.16	78.74	83.68
"2022-2024"	"MK15 Ostrobothnia"	83.12	80.91	85.45
"2022-2024"	"MK16 Central Ostrobothnia"	82.22	80.51	83.91
"2022-2024"	"MK17 North Ostrobothnia"	81.77	79.32	84.33
"2022-2024"	"MK18 Kainuu"	80.18	77.24	83.56
"2022-2024"	"MK19 Lapland"	80.84	78.57	83.27
"2022-2024"	"MA2 ÅLAND"	83.73	81.40	86.12
"2022-2024"	"MK21 Åland"	83.73	81.40	86.12
