"By province","By age ",2023,2023,2023,2023,2023,2023,2023,2023,2023,2023,2023,2023
"By province","By age ",Expectation of life at age (Total) (Years),Expectation of life at age (Male) (Years),Expectation of life at age (Female) (Years),Probability of dying (Total),Probability of dying (Male),Probability of dying (Female),Number of people left alive at age (Total) (Person),Number of people left alive at age (Male) (Person),Number of people left alive at age (Female) (Person),Person-years lived between ages (Total) (Person),Person-years lived between ages (Male) (Person),Person-years lived between ages (Female) (Person)
"Seoul","0 ",85.0,82.0,88.0,0.00200,0.00229,0.00169,100000,100000,100000,99838,99808,99868
"Seoul","1",84.2,81.2,87.1,0.00036,0.00027,0.00045,99800,99771,99831,399119,399010,399235
"Seoul","5",80.2,77.2,83.2,0.00020,0.00022,0.00018,99764,99744,99787,498772,498673,498880
"Seoul","10",75.2,72.2,78.2,0.00055,0.00054,0.00057,99745,99722,99769,498623,498516,498738
"Seoul","15",70.3,67.3,73.2,0.00098,0.00131,0.00066,99689,99668,99712,498204,498023,498392
"Seoul","20",65.3,62.4,68.3,0.00146,0.00180,0.00112,99591,99538,99646,497618,497271,497973
"Seoul","25",60.4,57.5,63.3,0.00193,0.00240,0.00147,99446,99359,99534,496773,496230,497324
"Seoul","30",55.5,52.6,58.4,0.00234,0.00280,0.00189,99254,99121,99388,495683,494909,496464
"Seoul","35",50.6,47.7,53.5,0.00314,0.00384,0.00245,99021,98843,99201,494390,493343,495446
"Seoul","40",45.8,42.9,48.7,0.00440,0.00533,0.00348,98710,98463,98958,492532,491091,493982
"Seoul","45",41.0,38.1,43.8,0.00654,0.00854,0.00456,98275,97939,98613,489889,487777,492010
"Seoul","50",36.2,33.4,39.0,0.01031,0.01421,0.00646,97633,97103,98164,485802,482300,489311
"Seoul","55",31.6,28.9,34.2,0.01602,0.02314,0.00902,96626,95723,97530,479499,473464,485541
"Seoul","60",27.1,24.5,29.5,0.02278,0.03362,0.01229,95078,93508,96650,470275,460044,480514
"Seoul","65",22.6,20.3,24.9,0.03328,0.04926,0.01816,92913,90365,95462,457348,441479,473225
"Seoul","70",18.3,16.2,20.3,0.05582,0.08140,0.03238,89820,85914,93729,437684,413452,461923
"Seoul","75",14.2,12.4,15.9,0.10202,0.14135,0.06780,84806,78920,90693,404429,369018,439846
"Seoul","80",10.5,9.0,11.8,0.20305,0.26938,0.14988,76154,67765,84544,345138,295958,394323
"Seoul","85",7.5,6.3,8.4,0.35594,0.44619,0.29376,60691,49511,71873,251029,192411,309650
"Seoul","90",5.3,4.3,5.8,0.54233,0.64298,0.48795,39089,27420,50759,140419,89539,191301
"Seoul","95",3.7,3.0,4.0,0.72049,0.81065,0.68653,17890,9789,25991,53117,25434,80802
"Seoul","100",2.7,2.1,2.8,1.00000,1.00000,1.00000,5000,1854,8147,13428,3961,22896
"Busan","0 ",82.6,79.7,85.6,0.00252,0.00278,0.00225,100000,100000,100000,99795,99767,99825
"Busan","1",81.9,79.0,84.8,0.00067,0.00068,0.00066,99748,99722,99775,398840,398737,398949
"Busan","5",77.9,75.0,80.8,0.00015,0.00012,0.00019,99681,99655,99708,498367,498241,498500
"Busan","10",72.9,70.0,75.8,0.00060,0.00052,0.00069,99666,99643,99690,498193,498109,498283
"Busan","15",68.0,65.1,70.9,0.00088,0.00087,0.00089,99606,99591,99621,497848,497763,497939
"Busan","20",63.0,60.1,65.9,0.00156,0.00180,0.00132,99518,99505,99533,497227,497106,497354
"Busan","25",58.1,55.2,61.0,0.00236,0.00302,0.00170,99362,99325,99401,496261,495938,496590
"Busan","30",53.2,50.4,56.1,0.00291,0.00369,0.00214,99128,99025,99232,494935,494230,495646
"Busan","35",48.4,45.5,51.2,0.00425,0.00507,0.00343,98839,98660,99019,493224,492124,494331
"Busan","40",43.6,40.8,46.4,0.00624,0.00800,0.00448,98419,98160,98679,490619,488964,492280
"Busan","45",38.8,36.1,41.6,0.00874,0.01158,0.00593,97805,97374,98236,486976,484204,489755
"Busan","50",34.2,31.5,36.8,0.01389,0.01958,0.00828,96950,96247,97654,481673,476944,486408
"Busan","55",29.6,27.0,32.1,0.01953,0.02889,0.01041,95603,94362,96846,473539,465351,481733
"Busan","60",25.1,22.8,27.4,0.02950,0.04522,0.01447,93736,91636,95838,462178,448425,475936
"Busan","65",20.8,18.7,22.8,0.04361,0.06556,0.02327,90971,87492,94451,445618,424002,467241
"Busan","70",16.7,14.8,18.3,0.07062,0.10221,0.04262,87004,81755,92253,420783,389267,452305
"Busan","75",12.7,11.2,14.0,0.12435,0.16886,0.08737,80860,73399,88321,381440,338030,424856
"Busan","80",9.1,8.0,10.0,0.25190,0.31899,0.20112,70804,61005,80604,312709,258944,366478
"Busan","85",6.3,5.5,6.9,0.43667,0.51534,0.38592,52969,41545,64393,207710,153235,262188
"Busan","90",4.3,3.7,4.5,0.64998,0.72087,0.61389,29839,20135,39542,97109,60246,133974
"Busan","95",2.8,2.5,3.0,0.83179,0.87723,0.81507,10444,5620,15268,26291,12797,39785
"Busan","100",1.9,1.7,2.0,1.00000,1.00000,1.00000,1757,690,2824,3419,1190,5648
"Daegu","0 ",83.2,80.2,86.2,0.00335,0.00390,0.00278,100000,100000,100000,99728,99673,99783
"Daegu","1",82.5,79.5,85.4,0.00109,0.00119,0.00099,99665,99610,99722,398399,398143,398665
"Daegu","5",78.5,75.6,81.5,0.00042,0.00061,0.00024,99556,99491,99623,497652,497280,498037
"Daegu","10",73.6,70.7,76.5,0.00055,0.00068,0.00042,99513,99430,99599,497477,497018,497949
"Daegu","15",68.6,65.7,71.5,0.00119,0.00092,0.00145,99459,99363,99558,496997,496587,497421
"Daegu","20",63.7,60.8,66.6,0.00198,0.00254,0.00143,99341,99271,99413,496266,495807,496737
"Daegu","25",58.8,55.9,61.7,0.00273,0.00354,0.00192,99144,99019,99271,495011,494251,495784
"Daegu","30",54.0,51.1,56.8,0.00294,0.00323,0.00265,98873,98668,99080,493653,492509,494810
"Daegu","35",49.1,46.3,52.0,0.00399,0.00520,0.00279,98583,98350,98818,491977,490557,493411
"Daegu","40",44.3,41.5,47.1,0.00535,0.00720,0.00352,98189,97839,98542,489769,487635,491916
"Daegu","45",39.5,36.8,42.3,0.00850,0.01135,0.00569,97664,97134,98195,486316,482979,489666
"Daegu","50",34.8,32.2,37.5,0.01108,0.01588,0.00635,96833,96032,97637,481690,476641,486751
"Daegu","55",30.2,27.6,32.7,0.01727,0.02577,0.00900,95761,94507,97017,474906,466823,483001
"Daegu","60",25.7,23.3,28.0,0.02480,0.03726,0.01287,94106,92072,96144,465043,452371,477726
"Daegu","65",21.3,19.1,23.3,0.04038,0.06023,0.02184,91773,88642,94906,450304,430738,469882
"Daegu","70",17.1,15.1,18.8,0.06523,0.09160,0.04156,88066,83302,92833,427123,398800,455456
"Daegu","75",13.1,11.4,14.5,0.11800,0.15896,0.08315,82322,75672,88975,389535,350634,428447
"Daegu","80",9.4,8.1,10.5,0.23880,0.31399,0.18014,72609,63643,81576,323152,271118,375195
"Daegu","85",6.6,5.5,7.2,0.41938,0.51068,0.35978,55269,43660,66881,219255,161630,276886
"Daegu","90",4.5,3.7,4.8,0.62497,0.71585,0.57962,32091,21364,42818,106999,64316,149685
"Daegu","95",3.0,2.5,3.2,0.80546,0.87324,0.78260,12035,6071,18000,31670,13951,49390
"Daegu","100",2.1,1.8,2.2,1.00000,1.00000,1.00000,2341,770,3913,4965,1347,8583
"Incheon","0 ",83.1,80.1,86.1,0.00340,0.00375,0.00304,100000,100000,100000,99723,99686,99763
"Incheon","1",82.4,79.4,85.4,0.00067,0.00058,0.00076,99660,99625,99696,398488,398339,398644
"Incheon","5",78.4,75.4,81.4,0.00047,0.00072,0.00023,99593,99568,99620,497826,497652,498009
"Incheon","10",73.5,70.5,76.4,0.00058,0.00057,0.00059,99546,99496,99597,497629,497376,497891
"Incheon","15",68.5,65.5,71.5,0.00146,0.00199,0.00093,99488,99439,99538,497083,496738,497438
"Incheon","20",63.6,60.6,66.5,0.00194,0.00264,0.00124,99343,99241,99446,496252,495558,496955
"Incheon","25",58.7,55.8,61.6,0.00232,0.00292,0.00172,99150,98978,99322,495173,494173,496181
"Incheon","30",53.8,50.9,56.7,0.00271,0.00316,0.00227,98919,98689,99151,493947,492699,495204
"Incheon","35",49.0,46.1,51.8,0.00368,0.00458,0.00279,98651,98378,98926,492399,490832,493975
"Incheon","40",44.2,41.3,47.0,0.00621,0.00766,0.00477,98288,97927,98650,490027,487911,492151
"Incheon","45",39.4,36.6,42.2,0.00869,0.01082,0.00657,97678,97178,98179,486399,483487,489320
"Incheon","50",34.7,32.0,37.5,0.01185,0.01682,0.00696,96829,96126,97534,481404,476707,486109
"Incheon","55",30.1,27.5,32.7,0.01805,0.02662,0.00970,95681,94509,96855,474336,466679,482001
"Incheon","60",25.6,23.1,28.0,0.02578,0.03704,0.01499,93954,91994,95916,464096,451978,476223
"Incheon","65",21.2,18.9,23.4,0.04091,0.06031,0.02273,91532,88586,94478,449051,430656,467454
"Incheon","70",17.0,15.0,18.9,0.07009,0.10219,0.04115,87787,83244,92331,424694,396044,453350
"Incheon","75",13.1,11.4,14.6,0.12451,0.17350,0.08315,81633,74737,88531,385122,343835,426416
"Incheon","80",9.6,8.2,10.6,0.23862,0.31124,0.18336,71469,61770,81170,317193,262381,372010
"Incheon","85",6.7,5.7,7.4,0.40531,0.49078,0.35045,54415,42544,66286,217991,159958,276027
"Incheon","90",4.6,3.9,5.0,0.60959,0.69401,0.56710,32360,21665,43056,109553,66931,152177
"Incheon","95",3.1,2.7,3.3,0.79259,0.85540,0.77025,12634,6629,18639,33959,15839,52079
"Incheon","100",2.2,1.9,2.3,1.00000,1.00000,1.00000,2620,959,4282,5748,1783,9713
"Gwangju","0 ",83.1,80.3,86.0,0.00392,0.00432,0.00350,100000,100000,100000,99682,99638,99727
"Gwangju","1",82.5,79.6,85.3,0.00061,0.00074,0.00048,99608,99568,99650,398322,398147,398504
"Gwangju","5",78.5,75.7,81.3,0.00064,0.00111,0.00018,99548,99495,99602,497557,497160,497963
"Gwangju","10",73.6,70.8,76.4,0.00031,0.00049,0.00014,99484,99385,99584,497350,496805,497905
"Gwangju","15",68.6,65.8,71.4,0.00069,0.00041,0.00096,99453,99337,99571,497130,496600,497670
"Gwangju","20",63.6,60.8,66.4,0.00167,0.00184,0.00150,99384,99296,99474,496543,496075,497021
"Gwangju","25",58.7,55.9,61.5,0.00291,0.00356,0.00226,99219,99114,99325,495369,494684,496062
"Gwangju","30",53.9,51.1,56.7,0.00337,0.00329,0.00345,98930,98761,99101,493880,493035,494735
"Gwangju","35",49.1,46.3,51.8,0.00382,0.00513,0.00251,98597,98436,98759,492052,491026,493087
"Gwangju","40",44.2,41.5,47.0,0.00554,0.00736,0.00374,98220,97931,98511,489843,488006,491688
"Gwangju","45",39.5,36.8,42.1,0.00841,0.01121,0.00564,97676,97210,98143,486433,483414,489462
"Gwangju","50",34.8,32.2,37.4,0.01137,0.01486,0.00794,96854,96120,97589,481632,477238,486037
"Gwangju","55",30.2,27.6,32.6,0.01724,0.02549,0.00917,95752,94692,96814,474864,467769,481969
"Gwangju","60",25.6,23.3,27.9,0.02589,0.03992,0.01240,94101,92278,95927,464828,452897,476768
"Gwangju","65",21.3,19.1,23.2,0.03852,0.05653,0.02167,91665,88594,94737,450077,431223,468940
"Gwangju","70",17.0,15.1,18.7,0.06911,0.10208,0.03938,88134,83586,92684,426657,397882,455439
"Gwangju","75",13.1,11.6,14.3,0.11648,0.16107,0.07890,82043,75054,89035,388707,347098,430323
"Gwangju","80",9.4,8.3,10.3,0.23949,0.29724,0.19516,72487,62965,82010,322415,271481,373354
"Gwangju","85",6.5,5.6,7.2,0.42014,0.50279,0.36473,55126,44249,66005,218619,164830,272412
"Gwangju","90",4.4,3.8,4.8,0.62786,0.70726,0.58619,31966,22001,41931,106325,66923,145730
"Gwangju","95",3.0,2.6,3.2,0.80991,0.86633,0.78898,11896,6440,17351,31093,15033,47153
"Gwangju","100",2.1,1.8,2.2,1.00000,1.00000,1.00000,2261,861,3662,4717,1544,7890
"Daejeon","0 ",83.6,81.1,86.1,0.00247,0.00266,0.00227,100000,100000,100000,99799,99777,99823
"Daejeon","1",82.8,80.3,85.3,0.00068,0.00116,0.00020,99753,99734,99773,398837,398611,399069
"Daejeon","5",78.9,76.4,81.4,0.00051,0.00040,0.00062,99685,99618,99753,498290,497975,498613
"Daejeon","10",73.9,71.4,76.4,0.00068,0.00070,0.00065,99634,99578,99691,498010,497743,498284
"Daejeon","15",68.9,66.4,71.5,0.00151,0.00111,0.00192,99566,99507,99626,497482,497282,497689
"Daejeon","20",64.0,61.5,66.6,0.00208,0.00240,0.00177,99415,99397,99435,496571,496412,496738
"Daejeon","25",59.2,56.7,61.7,0.00253,0.00309,0.00198,99208,99158,99259,495442,495031,495860
"Daejeon","30",54.3,51.8,56.8,0.00276,0.00308,0.00244,98956,98852,99063,494122,493504,494747
"Daejeon","35",49.5,47.0,51.9,0.00414,0.00380,0.00448,98683,98547,98821,492533,491943,493129
"Daejeon","40",44.7,42.1,47.2,0.00542,0.00628,0.00456,98275,98172,98378,490009,489420,490605
"Daejeon","45",39.9,37.4,42.4,0.00777,0.01014,0.00541,97742,97556,97930,486891,485356,488433
"Daejeon","50",35.2,32.7,37.6,0.01077,0.01516,0.00643,96982,96566,97400,482493,479464,485527
"Daejeon","55",30.5,28.2,32.8,0.01586,0.02283,0.00901,95938,95103,96774,476054,470337,481777
"Daejeon","60",26.0,23.8,28.1,0.02361,0.03376,0.01378,94416,92932,95902,466976,457472,476486
"Daejeon","65",21.5,19.5,23.4,0.03657,0.05196,0.02196,92187,89795,94581,453238,438230,468251
"Daejeon","70",17.3,15.5,18.9,0.06792,0.09438,0.04358,88816,85129,92504,430203,407191,453221
"Daejeon","75",13.3,11.8,14.7,0.12014,0.15599,0.08890,82783,77095,88472,391499,357671,425333
"Daejeon","80",9.8,8.5,10.8,0.23147,0.29098,0.18343,72838,65069,80607,324523,280258,368793
"Daejeon","85",6.9,5.9,7.6,0.39487,0.47857,0.33620,55978,46135,65822,225788,175075,276504
"Daejeon","90",4.8,4.0,5.2,0.59480,0.68032,0.54771,33874,24056,43693,116239,75482,156996
"Daejeon","95",3.3,2.7,3.5,0.77672,0.84380,0.75062,13726,7690,19762,37779,18809,56750
"Daejeon","100",2.3,1.9,2.4,1.00000,1.00000,1.00000,3065,1201,4928,7048,2320,11776
"Ulsan","0 ",82.9,80.4,85.5,0.00234,0.00271,0.00196,100000,100000,100000,99810,99773,99847
"Ulsan","1",82.1,79.6,84.6,0.00126,0.00136,0.00116,99766,99729,99804,398726,398570,398883
"Ulsan","5",78.2,75.7,80.7,0.00059,0.00059,0.00059,99641,99594,99688,498101,497884,498320
"Ulsan","10",73.2,70.7,75.8,0.00067,0.00071,0.00064,99582,99536,99629,497750,497496,498007
"Ulsan","15",68.3,65.8,70.8,0.00166,0.00177,0.00156,99515,99465,99565,497227,496960,497497
"Ulsan","20",63.4,60.9,65.9,0.00239,0.00305,0.00173,99349,99289,99410,496164,495718,496612
"Ulsan","25",58.6,56.1,61.0,0.00230,0.00321,0.00140,99112,98987,99238,495014,494227,495804
"Ulsan","30",53.7,51.2,56.1,0.00314,0.00385,0.00242,98884,98669,99099,493604,492292,494918
"Ulsan","35",48.8,46.4,51.2,0.00314,0.00341,0.00287,98574,98289,98859,492267,490817,493719
"Ulsan","40",44.0,41.6,46.4,0.00593,0.00715,0.00472,98265,97954,98576,489932,488132,491734
"Ulsan","45",39.2,36.9,41.6,0.00863,0.01105,0.00623,97682,97254,98111,486460,483733,489189
"Ulsan","50",34.6,32.2,36.8,0.01184,0.01627,0.00748,96839,96180,97500,481501,477264,485741
"Ulsan","55",29.9,27.7,32.1,0.01587,0.02282,0.00906,95693,94615,96771,474855,468056,481657
"Ulsan","60",25.4,23.3,27.4,0.02460,0.03632,0.01331,94174,92456,95894,465545,454446,476646
"Ulsan","65",20.9,19.1,22.7,0.03521,0.05178,0.01960,91857,89097,94618,451655,434861,468451
"Ulsan","70",16.6,15.0,18.1,0.06482,0.09298,0.03917,88623,84484,92763,430384,404956,455814
"Ulsan","75",12.6,11.2,13.7,0.12708,0.17023,0.08998,82879,76629,89129,390670,352731,428611
"Ulsan","80",9.0,8.0,9.8,0.25663,0.32023,0.20676,72347,63585,81109,318329,268683,367976
"Ulsan","85",6.2,5.6,6.6,0.44536,0.50817,0.40317,53781,43223,64339,209678,160329,259028
"Ulsan","90",4.1,3.7,4.3,0.66339,0.71313,0.63585,29829,21258,38399,95791,64210,127374
"Ulsan","95",2.7,2.5,2.8,0.84582,0.87107,0.83481,10041,6098,13983,24637,14084,35190
"Ulsan","100",1.9,1.8,1.9,1.00000,1.00000,1.00000,1548,786,2310,2870,1387,4353
"Sejong","0 ",83.7,81.3,86.2,0.00247,0.00272,0.00221,100000,100000,100000,99800,99772,99828
"Sejong","1",82.9,80.5,85.4,0.00016,0.00007,0.00026,99753,99728,99779,398979,398895,399068
"Sejong","5",78.9,76.5,81.4,0.00012,0.00005,0.00019,99737,99721,99754,498647,498592,498709
"Sejong","10",73.9,71.5,76.4,0.00054,0.00016,0.00091,99725,99716,99735,498547,498555,498545
"Sejong","15",69.0,66.5,71.5,0.00198,0.00089,0.00306,99671,99700,99644,497880,498316,497450
"Sejong","20",64.1,61.6,66.7,0.00220,0.00339,0.00102,99474,99611,99338,496852,497265,496445
"Sejong","25",59.3,56.8,61.7,0.00223,0.00321,0.00126,99255,99274,99237,495789,495726,495857
"Sejong","30",54.4,51.9,56.8,0.00102,0.00098,0.00106,99033,98955,99113,494898,494448,495353
"Sejong","35",49.4,47.0,51.9,0.00142,0.00143,0.00141,98932,98858,99007,494370,494068,494679
"Sejong","40",44.5,42.0,46.9,0.00271,0.00339,0.00204,98792,98716,98868,493322,492769,493881
"Sejong","45",39.6,37.2,42.0,0.00403,0.00446,0.00359,98524,98382,98667,491673,490888,492463
"Sejong","50",34.8,32.3,37.2,0.00836,0.01028,0.00645,98127,97943,98312,488836,487441,490237
"Sejong","55",30.0,27.6,32.4,0.01243,0.01622,0.00867,97307,96936,97679,483697,481172,486229
"Sejong","60",25.4,23.1,27.7,0.02225,0.02919,0.01541,96098,95364,96832,475442,470251,480639
"Sejong","65",20.9,18.7,23.1,0.03552,0.04980,0.02166,93960,92581,95340,462378,452503,472259
"Sejong","70",16.6,14.5,18.5,0.06949,0.10527,0.03574,90622,87971,93275,438717,419097,458342
"Sejong","75",12.6,10.9,14.1,0.11465,0.15340,0.08073,84325,78710,89942,398518,363975,433067
"Sejong","80",8.9,7.4,10.1,0.25821,0.34511,0.18818,74657,66635,82680,330810,280797,380826
"Sejong","85",6.0,4.9,6.8,0.46582,0.57700,0.39353,55380,43639,67122,212404,152861,271949
"Sejong","90",4.1,3.2,4.5,0.67373,0.78418,0.62364,29583,18459,40707,93664,50685,136644
"Sejong","95",2.7,2.1,2.9,0.84447,0.92340,0.82394,9652,3984,15321,23648,7980,39316
"Sejong","100",1.9,1.4,1.9,1.00000,1.00000,1.00000,1501,305,2697,2845,436,5255
"Gyeonggi-do","0 ",83.9,81.2,86.6,0.00197,0.00209,0.00185,100000,100000,100000,99840,99825,99856
"Gyeonggi-do","1",83.1,80.4,85.7,0.00058,0.00058,0.00059,99803,99791,99815,399088,399040,399139
"Gyeonggi-do","5",79.1,76.5,81.8,0.00041,0.00041,0.00042,99744,99733,99756,498599,498540,498662
"Gyeonggi-do","10",74.2,71.5,76.8,0.00054,0.00058,0.00049,99703,99692,99715,498398,498335,498465
"Gyeonggi-do","15",69.2,66.5,71.9,0.00116,0.00136,0.00095,99650,99634,99666,497991,497879,498107
"Gyeonggi-do","20",64.3,61.6,66.9,0.00159,0.00199,0.00119,99534,99498,99571,497280,497001,497563
"Gyeonggi-do","25",59.4,56.7,62.0,0.00218,0.00273,0.00163,99376,99300,99452,496368,495866,496874
"Gyeonggi-do","30",54.5,51.9,57.1,0.00257,0.00323,0.00190,99159,99029,99290,495164,494351,495981
"Gyeonggi-do","35",49.6,47.0,52.2,0.00320,0.00417,0.00224,98904,98708,99101,493763,492559,494970
"Gyeonggi-do","40",44.8,42.2,47.3,0.00487,0.00593,0.00382,98588,98297,98879,491801,490107,493498
"Gyeonggi-do","45",40.0,37.5,42.5,0.00680,0.00848,0.00513,98107,97714,98501,489009,486714,491307
"Gyeonggi-do","50",35.2,32.8,37.7,0.01083,0.01480,0.00691,97440,96885,97996,484753,481089,488421
"Gyeonggi-do","55",30.6,28.2,32.9,0.01623,0.02292,0.00967,96385,95452,97319,478204,472121,484290
"Gyeonggi-do","60",26.1,23.8,28.2,0.02364,0.03419,0.01343,94820,93264,96378,468847,458829,478867
"Gyeonggi-do","65",21.6,19.6,23.6,0.03707,0.05416,0.02088,92579,90075,95083,454945,438936,470958
"Gyeonggi-do","70",17.4,15.5,19.0,0.06458,0.09161,0.03985,89147,85197,93098,432528,408065,456993
"Gyeonggi-do","75",13.4,11.8,14.7,0.11633,0.15683,0.08126,83390,77392,89389,395116,359058,431176
"Gyeonggi-do","80",9.8,8.5,10.8,0.22905,0.29061,0.18014,73689,65254,82125,329099,281163,377037
"Gyeonggi-do","85",6.9,5.9,7.5,0.39643,0.47417,0.34298,56811,46291,67331,228958,176246,281672
"Gyeonggi-do","90",4.7,4.1,5.1,0.59899,0.67533,0.55698,34289,24341,44238,117258,76800,157716
"Gyeonggi-do","95",3.2,2.8,3.4,0.78290,0.83950,0.76008,13750,7903,19598,37522,19491,55554
"Gyeonggi-do","100",2.3,2.0,2.3,1.00000,1.00000,1.00000,2985,1268,4702,6721,2484,10959
"Gangwon-do","0 ",82.8,79.5,86.2,0.00191,0.00211,0.00171,100000,100000,100000,99845,99823,99867
"Gangwon-do","1",82.0,78.7,85.3,0.00014,0.00026,0.00002,99809,99789,99829,399193,399079,399312
"Gangwon-do","5",78.0,74.7,81.3,0.00025,0.00013,0.00036,99795,99763,99827,498940,498799,499086
"Gangwon-do","10",73.0,69.7,76.3,0.00061,0.00027,0.00094,99770,99750,99791,498681,498677,498689
"Gangwon-do","15",68.1,64.7,71.4,0.00111,0.00139,0.00083,99710,99723,99697,498314,498348,498285
"Gangwon-do","20",63.1,59.8,66.5,0.00261,0.00293,0.00229,99599,99585,99615,497427,497260,497600
"Gangwon-do","25",58.3,55.0,61.6,0.00277,0.00388,0.00166,99339,99293,99386,496018,495567,496473
"Gangwon-do","30",53.5,50.2,56.7,0.00394,0.00545,0.00244,99064,98908,99221,494364,493215,495517
"Gangwon-do","35",48.7,45.5,51.8,0.00458,0.00630,0.00288,98673,98368,98979,492292,490394,494195
"Gangwon-do","40",43.9,40.7,47.0,0.00678,0.01009,0.00350,98221,97748,98694,489526,486368,492689
"Gangwon-do","45",39.2,36.1,42.1,0.00997,0.01305,0.00695,97555,96762,98349,485483,480860,490110
"Gangwon-do","50",34.5,31.6,37.4,0.01591,0.02177,0.01018,96582,95499,97665,479292,472610,485978
"Gangwon-do","55",30.0,27.2,32.8,0.02014,0.02889,0.01168,95045,93421,96671,470584,460578,480595
"Gangwon-do","60",25.6,22.9,28.1,0.02953,0.04388,0.01591,93131,90722,95542,459203,444297,474114
"Gangwon-do","65",21.3,18.9,23.5,0.04111,0.05942,0.02421,90381,86741,94022,443099,421407,464796
"Gangwon-do","70",17.1,14.9,19.1,0.06797,0.10033,0.03919,86666,81587,91745,419941,389196,450689
"Gangwon-do","75",13.1,11.3,14.7,0.11850,0.16375,0.08081,80775,73401,88150,382440,339703,425182
"Gangwon-do","80",9.5,7.9,10.8,0.24297,0.32657,0.17964,71204,61382,81026,315304,258472,372140
"Gangwon-do","85",6.8,5.5,7.5,0.40700,0.51083,0.34244,53903,41336,66471,215587,153009,278167
"Gangwon-do","90",4.6,3.7,5.1,0.60677,0.71601,0.55624,31964,20220,43709,108395,60862,155928
"Gangwon-do","95",3.2,2.5,3.4,0.78538,0.87337,0.75933,12569,5742,19396,34115,13193,55038
"Gangwon-do","100",2.3,1.7,2.3,1.00000,1.00000,1.00000,2698,727,4668,6087,1272,10901
"Chungcheongbuk-do","0 ",82.4,79.4,85.4,0.00291,0.00361,0.00218,100000,100000,100000,99764,99698,99830
"Chungcheongbuk-do","1",81.7,78.7,84.6,0.00099,0.00116,0.00083,99709,99639,99782,398633,398290,398992
"Chungcheongbuk-do","5",77.7,74.8,80.7,0.00069,0.00104,0.00034,99610,99524,99699,497845,497319,498390
"Chungcheongbuk-do","10",72.8,69.9,75.7,0.00035,0.00013,0.00056,99541,99420,99666,497644,497081,498227
"Chungcheongbuk-do","15",67.8,64.9,70.8,0.00159,0.00145,0.00172,99507,99407,99611,497164,496719,497629
"Chungcheongbuk-do","20",62.9,60.0,65.9,0.00226,0.00242,0.00211,99349,99263,99439,496233,495770,496714
"Chungcheongbuk-do","25",58.1,55.1,61.0,0.00268,0.00373,0.00163,99124,99023,99230,494955,494245,495685
"Chungcheongbuk-do","30",53.2,50.3,56.1,0.00417,0.00552,0.00282,98859,98653,99068,493336,491982,494709
"Chungcheongbuk-do","35",48.4,45.6,51.2,0.00461,0.00598,0.00325,98447,98108,98789,491125,489131,493139
"Chungcheongbuk-do","40",43.6,40.8,46.4,0.00647,0.00845,0.00452,97993,97521,98468,488466,485629,491322
"Chungcheongbuk-do","45",38.9,36.1,41.6,0.00875,0.01170,0.00584,97359,96697,98024,484833,481039,488647
"Chungcheongbuk-do","50",34.2,31.5,36.8,0.01459,0.02129,0.00802,96507,95566,97451,479240,472977,485521
"Chungcheongbuk-do","55",29.7,27.2,32.1,0.01895,0.02774,0.01044,95099,93531,96670,471136,461390,480900
"Chungcheongbuk-do","60",25.2,22.9,27.4,0.02612,0.03768,0.01513,93297,90937,95660,460799,446771,474845
"Chungcheongbuk-do","65",20.8,18.7,22.8,0.04203,0.06301,0.02255,90860,87511,94213,445508,424636,466397
"Chungcheongbuk-do","70",16.6,14.7,18.3,0.07542,0.10558,0.04857,87041,81997,92089,419904,389647,450178
"Chungcheongbuk-do","75",12.7,11.2,14.1,0.12765,0.17343,0.08933,80476,73339,87616,379244,337435,421068
"Chungcheongbuk-do","80",9.2,7.9,10.2,0.25166,0.32146,0.19862,70203,60620,79789,309860,256731,363001
"Chungcheongbuk-do","85",6.4,5.4,7.0,0.43141,0.51773,0.37588,52536,41133,63941,206726,151426,262033
"Chungcheongbuk-do","90",4.3,3.7,4.7,0.64156,0.72344,0.60086,29872,19837,39907,98010,59165,136860
"Chungcheongbuk-do","95",2.9,2.5,3.1,0.82251,0.87925,0.80296,10707,5486,15928,27388,12432,42344
"Chungcheongbuk-do","100",2.0,1.7,2.1,1.00000,1.00000,1.00000,1900,662,3139,3818,1135,6502
"Chungcheongnam-do","0 ",83.0,80.0,86.1,0.00261,0.00267,0.00255,100000,100000,100000,99788,99776,99802
"Chungcheongnam-do","1",82.3,79.2,85.3,0.00020,0.00019,0.00021,99739,99733,99745,398915,398872,398958
"Chungcheongnam-do","5",78.3,75.2,81.3,0.00042,0.00034,0.00050,99719,99713,99725,498469,498466,498473
"Chungcheongnam-do","10",73.3,70.2,76.4,0.00046,0.00031,0.00060,99677,99679,99674,498307,498361,498254
"Chungcheongnam-do","15",68.3,65.3,71.4,0.00135,0.00173,0.00096,99631,99648,99615,497840,497873,497810
"Chungcheongnam-do","20",63.4,60.4,66.5,0.00221,0.00287,0.00154,99497,99475,99519,496955,496653,497260
"Chungcheongnam-do","25",58.6,55.5,61.6,0.00269,0.00326,0.00213,99277,99190,99365,495737,495159,496318
"Chungcheongnam-do","30",53.7,50.7,56.7,0.00359,0.00456,0.00262,99010,98867,99154,494209,493310,495110
"Chungcheongnam-do","35",48.9,45.9,51.8,0.00471,0.00637,0.00307,98655,98416,98894,492164,490539,493791
"Chungcheongnam-do","40",44.1,41.2,47.0,0.00627,0.00851,0.00405,98190,97789,98590,489483,486966,492002
"Chungcheongnam-do","45",39.4,36.5,42.2,0.00936,0.01129,0.00746,97574,96957,98191,485704,482231,489178
"Chungcheongnam-do","50",34.7,31.9,37.5,0.01276,0.01790,0.00770,96660,95862,97459,480462,475357,485568
"Chungcheongnam-do","55",30.1,27.4,32.7,0.01932,0.02646,0.01236,95427,94146,96708,472654,464767,480541
"Chungcheongnam-do","60",25.7,23.1,28.1,0.02762,0.04107,0.01472,93584,91655,95513,461869,449557,474181
"Chungcheongnam-do","65",21.3,19.0,23.5,0.04184,0.06253,0.02253,90999,87891,94106,446224,426628,465822
"Chungcheongnam-do","70",17.1,15.1,19.0,0.07247,0.10338,0.04478,87191,82395,91987,421382,392091,450675
"Chungcheongnam-do","75",13.3,11.5,14.7,0.11865,0.15932,0.08446,80872,73877,87868,382446,342071,422822
"Chungcheongnam-do","80",9.7,8.2,10.9,0.23529,0.30759,0.17948,71277,62107,80447,317110,265026,369195
"Chungcheongnam-do","85",6.9,5.7,7.6,0.39967,0.49738,0.33601,54506,43003,66008,219091,160863,277320
"Chungcheongnam-do","90",4.7,3.8,5.2,0.59827,0.70133,0.54745,32721,21614,43829,111864,66210,157519
"Chungcheongnam-do","95",3.3,2.6,3.5,0.77764,0.86147,0.75036,13145,6456,19835,36103,15228,56978
"Chungcheongnam-do","100",2.3,1.8,2.4,1.00000,1.00000,1.00000,2923,894,4952,6735,1630,11840
"Jeollabuk-do","0 ",83.1,80.0,86.2,0.00164,0.00181,0.00147,100000,100000,100000,99867,99848,99886
"Jeollabuk-do","1",82.2,79.1,85.3,0.00015,0.00027,0.00004,99836,99819,99853,399310,399217,399405
"Jeollabuk-do","5",78.2,75.1,81.3,0.00050,0.00023,0.00078,99820,99792,99849,498985,498908,499067
"Jeollabuk-do","10",73.3,70.1,76.4,0.00049,0.00064,0.00035,99770,99769,99772,498750,498738,498766
"Jeollabuk-do","15",68.3,65.2,71.4,0.00077,0.00126,0.00028,99721,99706,99737,498405,498163,498652
"Jeollabuk-do","20",63.4,60.3,66.4,0.00177,0.00212,0.00141,99644,99580,99709,497825,497420,498234
"Jeollabuk-do","25",58.5,55.4,61.5,0.00234,0.00333,0.00135,99468,99368,99569,496769,496087,497454
"Jeollabuk-do","30",53.6,50.6,56.6,0.00354,0.00446,0.00262,99236,99037,99435,495354,494059,496654
"Jeollabuk-do","35",48.8,45.8,51.7,0.00553,0.00720,0.00387,98884,98595,99174,493120,491349,494895
"Jeollabuk-do","40",44.0,41.1,46.9,0.00620,0.00775,0.00466,98337,97885,98790,490166,487583,492752
"Jeollabuk-do","45",39.3,36.4,42.1,0.00870,0.01187,0.00557,97728,97127,98330,486694,482968,490425
"Jeollabuk-do","50",34.6,31.8,37.4,0.01273,0.01655,0.00899,96878,95974,97783,481490,476229,486755
"Jeollabuk-do","55",30.0,27.3,32.7,0.01962,0.02811,0.01135,95644,94386,96904,473885,465808,481966
"Jeollabuk-do","60",25.6,23.0,28.0,0.02716,0.04079,0.01411,93768,91733,95804,462744,449779,475713
"Jeollabuk-do","65",21.2,18.9,23.4,0.04274,0.06156,0.02521,91221,87991,94452,447250,427576,466927
"Jeollabuk-do","70",17.0,14.9,18.9,0.07126,0.10314,0.04267,87322,82574,92071,422062,392881,451246
"Jeollabuk-do","75",13.1,11.3,14.6,0.12070,0.17230,0.07734,81099,74057,88142,383133,340427,425843
"Jeollabuk-do","80",9.6,8.2,10.6,0.23862,0.31209,0.18325,71311,61297,81325,316770,260685,372858
"Jeollabuk-do","85",6.7,5.7,7.4,0.40738,0.49771,0.35004,54295,42167,66423,217179,157695,276665
"Jeollabuk-do","90",4.6,3.8,5.0,0.61103,0.70169,0.56655,32176,21180,43172,108755,64852,152659
"Jeollabuk-do","95",3.1,2.6,3.3,0.79294,0.86176,0.76970,12516,6318,18713,33611,14895,52328
"Jeollabuk-do","100",2.2,1.8,2.3,1.00000,1.00000,1.00000,2592,873,4310,5690,1591,9790
"Jeollanam-do","0 ",82.5,79.3,85.8,0.00344,0.00379,0.00308,100000,100000,100000,99720,99682,99760
"Jeollanam-do","1",81.8,78.6,85.0,0.00052,0.00068,0.00037,99656,99621,99692,398503,398341,398672
"Jeollanam-do","5",77.8,74.6,81.0,0.00028,0.00012,0.00044,99603,99553,99655,497946,497718,498182
"Jeollanam-do","10",72.9,69.7,76.1,0.00035,0.00029,0.00041,99575,99541,99611,497791,497647,497944
"Jeollanam-do","15",67.9,64.7,71.1,0.00140,0.00211,0.00070,99541,99512,99571,497429,497175,497691
"Jeollanam-do","20",63.0,59.8,66.2,0.00241,0.00257,0.00226,99401,99303,99501,496471,495932,497018
"Jeollanam-do","25",58.1,54.9,61.3,0.00295,0.00387,0.00204,99161,99048,99276,495068,494288,495857
"Jeollanam-do","30",53.3,50.2,56.4,0.00329,0.00391,0.00268,98868,98664,99074,493556,492375,494745
"Jeollanam-do","35",48.5,45.3,51.6,0.00494,0.00562,0.00426,98543,98278,98809,491532,490021,493052
"Jeollanam-do","40",43.7,40.6,46.8,0.00732,0.00924,0.00541,98056,97726,98389,488678,486672,490692
"Jeollanam-do","45",39.0,35.9,42.0,0.00984,0.01416,0.00555,97339,96822,97856,484402,480821,487991
"Jeollanam-do","50",34.4,31.4,37.2,0.01469,0.02004,0.00944,96381,95451,97313,478507,472681,484342
"Jeollanam-do","55",29.8,27.0,32.6,0.01965,0.02835,0.01120,94965,93538,96395,470412,461413,479420
"Jeollanam-do","60",25.4,22.7,27.9,0.02849,0.04145,0.01613,93100,90886,95315,459299,445648,472957
"Jeollanam-do","65",21.0,18.6,23.3,0.04228,0.06353,0.02254,90447,87119,93777,443372,422747,464005
"Jeollanam-do","70",16.8,14.7,18.8,0.07038,0.10123,0.04292,86623,81584,91663,418930,388512,449356
"Jeollanam-do","75",12.9,11.0,14.5,0.12638,0.17547,0.08535,80526,73325,87729,379205,336742,421675
"Jeollanam-do","80",9.4,7.8,10.6,0.24475,0.32599,0.18353,70350,60459,80241,312052,255979,368130
"Jeollanam-do","85",6.6,5.3,7.4,0.42183,0.53562,0.35105,53132,40750,65515,210283,147858,272711
"Jeollanam-do","90",4.5,3.5,5.0,0.62165,0.74236,0.56792,30719,18924,42516,102625,55092,150160
"Jeollanam-do","95",3.1,2.4,3.3,0.79680,0.89377,0.77106,11623,4875,18370,30962,10655,51269
"Jeollanam-do","100",2.2,1.6,2.3,1.00000,1.00000,1.00000,2362,518,4206,5179,840,9519
"Gyeongsangbuk-do","0 ",82.7,79.5,85.9,0.00356,0.00447,0.00259,100000,100000,100000,99711,99625,99799
"Gyeongsangbuk-do","1",82.0,78.9,85.1,0.00057,0.00077,0.00037,99644,99553,99741,398424,398012,398863
"Gyeongsangbuk-do","5",78.0,74.9,81.1,0.00020,0.00027,0.00013,99587,99476,99705,497899,497320,498510
"Gyeongsangbuk-do","10",73.0,69.9,76.1,0.00057,0.00053,0.00060,99567,99449,99692,497700,497113,498320
"Gyeongsangbuk-do","15",68.1,65.0,71.2,0.00161,0.00152,0.00170,99511,99397,99631,497163,496606,497754
"Gyeongsangbuk-do","20",63.2,60.1,66.3,0.00188,0.00209,0.00168,99350,99246,99462,496313,495754,496905
"Gyeongsangbuk-do","25",58.3,55.2,61.4,0.00306,0.00403,0.00209,99163,99039,99294,495051,494172,495964
"Gyeongsangbuk-do","30",53.5,50.4,56.5,0.00287,0.00415,0.00160,98860,98640,99087,493621,492233,495042
"Gyeongsangbuk-do","35",48.6,45.6,51.6,0.00433,0.00555,0.00313,98576,98230,98929,491918,489914,493955
"Gyeongsangbuk-do","40",43.8,40.8,46.8,0.00690,0.00852,0.00530,98149,97686,98619,489097,486398,491828
"Gyeongsangbuk-do","45",39.1,36.2,42.0,0.00939,0.01295,0.00588,97472,96854,98096,485205,481341,489102
"Gyeongsangbuk-do","50",34.4,31.6,37.2,0.01327,0.01933,0.00733,96556,95600,97520,479789,473712,485899
"Gyeongsangbuk-do","55",29.9,27.2,32.5,0.01974,0.02843,0.01132,95275,93752,96805,471930,462491,481400
"Gyeongsangbuk-do","60",25.4,22.9,27.8,0.02683,0.03948,0.01480,93395,91086,95709,461005,446885,475157
"Gyeongsangbuk-do","65",21.1,18.7,23.2,0.04090,0.06129,0.02198,90888,87490,94292,445795,424864,466756
"Gyeongsangbuk-do","70",16.8,14.8,18.7,0.06961,0.09919,0.04326,87171,82128,92219,421882,391653,452139
"Gyeongsangbuk-do","75",12.9,11.1,14.4,0.12973,0.17644,0.09057,81103,73982,88230,381616,339743,423515
"Gyeongsangbuk-do","80",9.4,7.9,10.6,0.24710,0.32593,0.18724,70581,60929,80239,311759,256666,366872
"Gyeongsangbuk-do","85",6.6,5.5,7.4,0.41527,0.51452,0.35276,53141,41070,65215,211372,151581,271177
"Gyeongsangbuk-do","90",4.5,3.7,4.9,0.61827,0.72000,0.57022,31073,19939,42210,104247,59721,148780
"Gyeongsangbuk-do","95",3.1,2.5,3.3,0.79763,0.87654,0.77335,11861,5583,18141,31596,12732,50461
"Gyeongsangbuk-do","100",2.2,1.7,2.2,1.00000,1.00000,1.00000,2400,689,4112,5220,1192,9248
"Gyeongsangnam-do","0 ",82.8,79.7,85.9,0.00242,0.00279,0.00202,100000,100000,100000,99803,99766,99843
"Gyeongsangnam-do","1",82.0,78.9,85.0,0.00049,0.00048,0.00050,99758,99721,99798,398931,398772,399100
"Gyeongsangnam-do","5",78.0,74.9,81.1,0.00031,0.00024,0.00039,99709,99673,99748,498471,498298,498658
"Gyeongsangnam-do","10",73.0,69.9,76.1,0.00055,0.00053,0.00057,99678,99649,99709,498268,498142,498408
"Gyeongsangnam-do","15",68.1,65.0,71.2,0.00131,0.00110,0.00152,99623,99596,99652,497807,497738,497888
"Gyeongsangnam-do","20",63.1,60.0,66.3,0.00183,0.00232,0.00135,99493,99487,99501,497011,496888,497147
"Gyeongsangnam-do","25",58.3,55.2,61.3,0.00245,0.00319,0.00170,99310,99257,99367,495990,495574,496420
"Gyeongsangnam-do","30",53.4,50.3,56.4,0.00283,0.00337,0.00230,99067,98940,99198,494643,493862,495436
"Gyeongsangnam-do","35",48.5,45.5,51.6,0.00439,0.00529,0.00350,98787,98607,98970,492933,491816,494063
"Gyeongsangnam-do","40",43.7,40.7,46.7,0.00563,0.00746,0.00381,98353,98085,98624,490489,488755,492236
"Gyeongsangnam-do","45",39.0,36.0,41.9,0.00895,0.01196,0.00597,97800,97354,98248,486955,484099,489824
"Gyeongsangnam-do","50",34.3,31.4,37.1,0.01222,0.01710,0.00741,96925,96190,97661,481766,476973,486571
"Gyeongsangnam-do","55",29.7,26.9,32.4,0.01880,0.02790,0.00993,95740,94545,96938,474451,466527,482387
"Gyeongsangnam-do","60",25.2,22.6,27.7,0.02689,0.03960,0.01472,93940,91907,95975,463814,451010,476631
"Gyeongsangnam-do","65",20.8,18.4,23.1,0.04236,0.06157,0.02443,91414,88268,94563,448090,428685,467506
"Gyeongsangnam-do","70",16.6,14.5,18.6,0.07289,0.10369,0.04524,87542,82833,92253,422839,393918,451771
"Gyeongsangnam-do","75",12.7,10.8,14.3,0.13090,0.18263,0.08729,81161,74244,88079,381825,340248,423412
"Gyeongsangnam-do","80",9.2,7.7,10.4,0.24946,0.33368,0.18588,70537,60685,80391,311902,255355,368457
"Gyeongsangnam-do","85",6.4,5.2,7.2,0.43190,0.54319,0.36314,52941,40435,65448,208090,145801,270385
"Gyeongsangnam-do","90",4.4,3.5,4.8,0.63511,0.75022,0.58409,30076,18471,41681,99175,53218,145133
"Gyeongsangnam-do","95",3.0,2.3,3.2,0.81063,0.89960,0.78695,10975,4614,17336,28592,9928,47256
"Gyeongsangnam-do","100",2.1,1.6,2.2,1.00000,1.00000,1.00000,2078,463,3693,4369,734,8004
"Jeju-do","0 ",83.7,79.7,87.7,0.00152,0.00168,0.00136,100000,100000,100000,99876,99860,99894
"Jeju-do","1",82.8,78.8,86.9,0.00074,0.00065,0.00084,99848,99832,99864,399191,399145,399239
"Jeju-do","5",78.9,74.9,82.9,0.00046,0.00051,0.00042,99774,99768,99780,498722,498677,498772
"Jeju-do","10",73.9,69.9,78.0,0.00033,0.00050,0.00015,99727,99717,99738,498571,498476,498670
"Jeju-do","15",69.0,64.9,73.0,0.00113,0.00118,0.00108,99695,99667,99723,498268,498171,498369
"Jeju-do","20",64.0,60.0,68.0,0.00291,0.00319,0.00263,99583,99550,99616,497180,496951,497412
"Jeju-do","25",59.2,55.2,63.2,0.00259,0.00376,0.00142,99293,99232,99354,495906,495336,496480
"Jeju-do","30",54.4,50.4,58.3,0.00451,0.00637,0.00265,99035,98859,99213,494031,492728,495338
"Jeju-do","35",49.6,45.7,53.5,0.00531,0.00697,0.00368,98589,98229,98950,491764,489583,493949
"Jeju-do","40",44.8,41.0,48.6,0.00697,0.00851,0.00545,98065,97545,98586,488823,485953,491697
"Jeju-do","45",40.1,36.3,43.9,0.01045,0.01425,0.00669,97382,96715,98049,484260,479910,488613
"Jeju-do","50",35.5,31.8,39.2,0.01433,0.02017,0.00861,96364,95337,97393,478692,472574,484814
"Jeju-do","55",31.0,27.4,34.5,0.01766,0.02863,0.00704,94984,93414,96554,470880,460596,481168
"Jeju-do","60",26.5,23.2,29.7,0.02901,0.04249,0.01626,93307,90739,95875,460337,444592,476085
"Jeju-do","65",22.2,19.1,25.2,0.04326,0.06363,0.02449,90600,86884,94316,443866,421403,466333
"Jeju-do","70",18.1,15.2,20.7,0.06777,0.09617,0.04265,86681,81356,92006,419819,388743,450898
"Jeju-do","75",14.2,11.5,16.5,0.10584,0.15869,0.06173,80807,73532,88082,383750,339846,427658
"Jeju-do","80",10.6,8.2,12.4,0.20384,0.30204,0.13034,72254,61863,82645,328161,266432,389893
"Jeju-do","85",7.6,5.6,8.9,0.36039,0.50787,0.27179,57525,43178,71873,236895,160202,313589
"Jeju-do","90",5.5,3.8,6.2,0.53006,0.71280,0.45587,36794,21249,52339,133117,64209,202025
"Jeju-do","95",4.0,2.5,4.3,0.68894,0.87080,0.64997,17291,6103,28479,53121,14103,92140
"Jeju-do","100",3.0,1.8,3.1,1.00000,1.00000,1.00000,5379,789,9969,16010,1392,30627
