state	NFHS-2015-16_total	NFHS-2015-16_male	NFHS-2015-16_female	SRS-2015_total	SRS-2015_male	SRS-2015_female
India	66.6	64.3	69.2	68.0	66.8	69.3
Chandigarh	73.3	69.1	79.5	NA	NA	NA
Delhi	69.2	66.8	73.1	74.6	72.9	76.5
Haryana	68.4	65.8	71.9	68.4	66.2	70.9
Himachal Pradesh	70.8	67.5	74.3	71.7	67.7	76.2
Jammu and Kashmir	69.2	67.6	70.8	74.4	72.0	77.6
Punjab	71.1	69.0	73.5	72.4	70.8	74.2
Rajasthan	70.2	67.3	73.4	67.0	64.9	69.4
Uttarakhand	67.6	64.1	71.6	69.2	66.4	72.2
Chhattisgarh	66.4	64.6	68.3	64.3	62.8	65.9
Madhya Pradesh	66.0	63.6	68.8	64.5	62.9	66.3
Uttar Pradesh	64.9	63.3	66.6	63.9	63.4	64.3
Bihar	63.0	62.0	64.0	67.4	68.4	66.4
Jharkhand	66.7	64.9	68.6	67.4	67.4	67.4
Odisha	64.7	63.4	66.1	67.5	65.8	69.4
West Bengal	68.3	67.4	69.2	70.6	69.7	71.5
Arunachal Pradesh	64.6	63.0	66.5	NA	NA	NA
Assam	63.5	61.0	66.4	65.4	64.5	66.4
Manipur	70.1	66.0	74.5	NA	NA	NA
Meghalaya	68.5	65.0	72.6	NA	NA	NA
Mizoram	72.1	66.1	81.0	NA	NA	NA
Nagaland	76.2	73.0	79.8	NA	NA	NA
Sikkim	69.8	69.4	70.7	NA	NA	NA
Tripura	67.8	64.4	71.8	NA	NA	NA
Dadra and Nagar haveli	73.0	73.4	72.7	NA	NA	NA
Daman and diu	66.2	61.7	72.5	NA	NA	NA
Goa	69.7	66.1	74.0	NA	NA	NA
Gujarat	68.7	65.9	72.0	68.9	66.6	71.4
Maharashtra	70.2	67.9	72.8	71.6	70.5	72.7
Andaman and nicobar islands	67.4	64.1	71.5	NA	NA	NA
Andhra Pradesh	64.2	59.9	69.2	69.0	67.8	70.3
Karnataka	68.2	64.6	72.3	68.2	66.8	69.4
Kerala	73.9	70.1	77.8	74.3	71.4	77.2
Lakshadweep	68.5	65.9	71.6	NA	NA	NA
Puducherry	66.3	60.3	73.9	NA	NA	NA
Tamil Nadu	63.6	60.2	67.4	70.4	68.5	72.4
Telangana	62.4	58.4	66.8	68.4	67.4	69.8